-- task 4 creating some department instances  least 2 top-level departments, each having at least 3 child departments
INSERT INTO `Department` VALUES 
(1,'group 3 online shopping','welcome text'),
(2,'Electronics','Electronics department'),
(3,'Computers and tablets','subdepartment of Electronics'),
(4,'Desktops','subdepartment of Computers and tablets'),
(5,'Tablets','subdepartment of Computers and tablets'),
(6,'Accessories','subdepartment of Computers and tablets'),
(7,'For desktops','subdepartment of Accessories'),
(8,'For laptops','subdepartment of Accessories'),
(9,'For tablets','subdepartment of Accessories'),
(10,'TV and video','subdepartment of Electronics'),
(11,'TVs','subdepartment of TV and video'),
(12,'Projectors','subdepartment of TV and video'),
(13,'Books','Books'),(14,'Kids','Kids-books'),
(15,'Literature','Literature-books'),(16,'Non-Fiction','Non-Fiction-books'),
(17,'Fantasy','Fantasy-books'),(18,'Science','Non-Fiction-Science-books'),(19,'Sociology','Sociology-Science-books');


-- task 4 associating sub-department with department  
INSERT INTO `Has` VALUES 
(NULL,1),(1,2),(1,13),(2,3),(2,10),(3,4),(3,5),
(3,6),(6,7),(6,8),(6,9),(10,11),(10,12),(13,14),
(13,15),(13,16),(13,17),(16,18),(16,19);

-- task 4 creating some instances of Product

INSERT INTO `Product` VALUES (1,4,'dell desktop','dell desktop',5000,10,1,10,100),(2,4,'dell slim desktop','dell slim desktop',5000,10,1,10,100),(3,4,'acer desktop','acer desktop',7000,10,1,10,100),(4,4,'asus desktop','asus desktop',8000,10,1,10,100),(5,4,'asus slim desktop','asus slim desktop',8000,10,1,10,100),(6,4,'hp desktop','hp desktop',9000,10,0,10,100),(7,7,'U9DIIA5GO0PI_ForD','U9DIIA5GO0PI_ForD--desc',3434,1,1,0.4,1),(8,9,'PQ615121NYR_ForTB','PQ615121NYR_ForTB--desc',1564,1,0,0,2),(9,7,'YJWO7OT81U_ForD','YJWO7OT81U_ForD--desc',2466,1,0,0.4,20),(10,12,'20NRO3BMADA7_PJ','20NRO3BMADA7_PJ--desc',6671,1,0,0,16),(11,12,'2AR5LY7OR22_PJ','2AR5LY7OR22_PJ--desc',3967,1,0,0,1),(12,8,'DWA2TTC6ZEQO_ForL','DWA2TTC6ZEQO_ForL--desc',1835,0.9,0,0,15),(13,8,'T78W8PCADPUG_ForL','T78W8PCADPUG_ForL--desc',5003,0.9,0,0,16),(14,10,'YN6ANFW3CQCR_TVv','YN6ANFW3CQCR_TVv--desc',4661,1,0,0.3,9),(15,11,'EZ9Y8XQRBF9H_Tv','EZ9Y8XQRBF9H_Tv--desc',1982,0.7,0,0.22,9),(16,5,'BDE7QIRNA5_TB','BDE7QIRNA5_TB--desc',3672,0.6,0,0.2,11),(17,7,'MS5JT9IZHGD_ForD','MS5JT9IZHGD_ForD--desc',6130,1,1,0.4,16),(18,10,'SZ9QK3UUVZQ_TVv','SZ9QK3UUVZQ_TVv--desc',5341,1,0,0.3,2),(19,12,'83ACON69ZM80_PJ','83ACON69ZM80_PJ--desc',1271,1,0,0,18),(20,5,'8EMHW5OW7A_TB','8EMHW5OW7A_TB--desc',5400,0.6,0,0.2,16),(21,6,'V6NRTXX3RZOO_AS','V6NRTXX3RZOO_AS--desc',5129,0.8,0,0.5,20),(22,7,'MFM63WSS7J05_ForD','MFM63WSS7J05_ForD--desc',2738,1,0,0.4,0),(23,12,'DDCZK2JDD6T_PJ','DDCZK2JDD6T_PJ--desc',3175,1,0,0,18),(24,12,'Z4W8VPTN0A_PJ','Z4W8VPTN0A_PJ--desc',6519,1,0,0,2),(25,12,'OKJCK5LVSU_PJ','OKJCK5LVSU_PJ--desc',5679,1,0,0,16),(26,6,'2IIMFUCDU6F_AS','2IIMFUCDU6F_AS--desc',6745,0.8,0,0.5,4),(27,9,'H19L0U001YPC_ForTB','H19L0U001YPC_ForTB--desc',6116,1,1,0,2),(28,8,'Z4FCV12MS74R_ForL','Z4FCV12MS74R_ForL--desc',5075,0.9,0,0,14),(29,11,'7O78YRJ3F5_Tv','7O78YRJ3F5_Tv--desc',5838,0.7,0,0.22,17),(30,12,'7VCBID1NID4_PJ','7VCBID1NID4_PJ--desc',6847,1,0,0,16),(31,6,'H2FTT2EC8A_AS','H2FTT2EC8A_AS--desc',5625,0.8,0,0.5,2),(32,8,'XC22F2FO90S_ForL','XC22F2FO90S_ForL--desc',5611,0.9,0,0,17),(33,10,'WGGVODZB6H_TVv','WGGVODZB6H_TVv--desc',5829,1,0,0.3,14),(34,11,'EOB12VYGEP9M_Tv','EOB12VYGEP9M_Tv--desc',4214,0.7,0,0.22,5),(35,6,'97RRB084SS3I_AS','97RRB084SS3I_AS--desc',1313,0.8,0,0.5,19),(36,9,'ZO6FUNMPEUQ0_ForTB','ZO6FUNMPEUQ0_ForTB--desc',1844,1,0,0,17),(37,6,'MQHSRRBVW5_AS','MQHSRRBVW5_AS--desc',1425,0.8,1,0.5,15),(38,7,'7WHK19VJE7L_ForD','7WHK19VJE7L_ForD--desc',1762,1,0,0.4,19),(39,7,'PCK5XLS5NR_ForD','PCK5XLS5NR_ForD--desc',3402,1,0,0.4,7),(40,9,'7PHSD03MV3_ForTB','7PHSD03MV3_ForTB--desc',4332,1,0,0,1),(41,11,'MWALDCQP37KY_Tv','MWALDCQP37KY_Tv--desc',4766,0.7,0,0.22,12),(42,10,'D1S4WZMUQB4_TVv','D1S4WZMUQB4_TVv--desc',4813,1,0,0.3,16),(43,9,'1XQ6V1O499M_ForTB','1XQ6V1O499M_ForTB--desc',2260,1,0,0,7),(44,6,'KINOP85IWKA_AS','KINOP85IWKA_AS--desc',4705,0.8,0,0.5,10),(45,12,'Z3ENF32R6U1L_PJ','Z3ENF32R6U1L_PJ--desc',2639,1,0,0,18),(46,6,'L56MGFCWSFER_AS','L56MGFCWSFER_AS--desc',3233,0.8,0,0.5,9),(47,9,'8O9J613A5C_ForTB','8O9J613A5C_ForTB--desc',3804,1,1,0,7),(48,9,'BIRO6X7E4LZ_ForTB','BIRO6X7E4LZ_ForTB--desc',2860,1,0,0,9),(49,9,'EZB0N36N69BA_ForTB','EZB0N36N69BA_ForTB--desc',5228,1,0,0,13),(50,8,'PNH0XB1PS47T_ForL','PNH0XB1PS47T_ForL--desc',2363,0.9,0,0,8),(51,5,'NQ13Q9X2XJ_TB','NQ13Q9X2XJ_TB--desc',5232,0.6,0,0.2,13),(52,12,'0RR2GEI881K3_PJ','0RR2GEI881K3_PJ--desc',1511,1,0,0,2),(53,6,'PSFIAV9USMHN_AS','PSFIAV9USMHN_AS--desc',2537,0.8,0,0.5,20),(54,6,'KFVPBFCO5WBQ_AS','KFVPBFCO5WBQ_AS--desc',6377,0.8,0,0.5,8),(55,6,'KBWBJRLTD4_AS','KBWBJRLTD4_AS--desc',3009,0.8,0,0.5,14),(56,9,'K15FCG79NK6_ForTB','K15FCG79NK6_ForTB--desc',5692,1,0,0,10),(57,8,'ZD1IO1VR9ZJ_ForL','ZD1IO1VR9ZJ_ForL--desc',6787,0.9,1,0,9),(58,12,'AALBG23AGCE_PJ','AALBG23AGCE_PJ--desc',1663,1,0,0,17),(59,9,'928CTY9MHF_ForTB','928CTY9MHF_ForTB--desc',4428,1,0,0,9),(60,12,'A7I4UPKEHP9_PJ','A7I4UPKEHP9_PJ--desc',5023,1,0,0,6),(61,10,'GVOYH444K6ZT_TVv','GVOYH444K6ZT_TVv--desc',3869,1,0,0.3,15),(62,12,'NWXQKBW5W3VZ_PJ','NWXQKBW5W3VZ_PJ--desc',4703,1,0,0,11),(63,7,'CRARQKMUXM_ForD','CRARQKMUXM_ForD--desc',6210,1,0,0.4,1),(64,6,'SHWJMCXKVRN5_AS','SHWJMCXKVRN5_AS--desc',5345,0.8,0,0.5,18),(65,6,'C6F24D8E56_AS','C6F24D8E56_AS--desc',4185,0.8,0,0.5,10),(66,10,'M39FZ70YIN7_TVv','M39FZ70YIN7_TVv--desc',5629,1,0,0.3,12),(67,11,'OCLLA9Y0X6LR_Tv','OCLLA9Y0X6LR_Tv--desc',5318,0.7,1,0.22,20),(68,9,'4AQKLTS8UGNC_ForTB','4AQKLTS8UGNC_ForTB--desc',2180,1,0,0,10),(69,12,'ST76TON7LY_PJ','ST76TON7LY_PJ--desc',4143,1,0,0,17),(70,11,'IIKVMB12L0P_Tv','IIKVMB12L0P_Tv--desc',1534,0.7,0,0.22,9),(71,7,'138RQGQK1H_ForD','138RQGQK1H_ForD--desc',6018,1,0,0.4,3),(72,10,'AWJNZ0MG68S_TVv','AWJNZ0MG68S_TVv--desc',1453,1,0,0.3,9),(73,9,'OM1GRFOA6FBE_ForTB','OM1GRFOA6FBE_ForTB--desc',2948,1,0,0,5),(74,6,'TIN33W98DPN2_AS','TIN33W98DPN2_AS--desc',5801,0.8,0,0.5,18),(75,7,'3GPD96JMLC33_ForD','3GPD96JMLC33_ForD--desc',1778,1,0,0.4,8),(76,6,'6IV5O2BKJT4_AS','6IV5O2BKJT4_AS--desc',1561,0.8,0,0.5,9),(77,10,'Y53D6K7AQ5L_TVv','Y53D6K7AQ5L_TVv--desc',5149,1,1,0.3,15),(78,8,'9T2APYQJKOK_ForL','9T2APYQJKOK_ForL--desc',4051,0.9,0,0,17),(79,11,'1IEMC60I3Q_Tv','1IEMC60I3Q_Tv--desc',1110,0.7,0,0.22,6),(80,11,'0XJEV7VQC31_Tv','0XJEV7VQC31_Tv--desc',5158,0.7,0,0.22,11),(81,7,'QNMK8DMWQFWR_ForD','QNMK8DMWQFWR_ForD--desc',3026,1,0,0.4,8),(82,7,'O0AJIDEOX9_ForD','O0AJIDEOX9_ForD--desc',5610,1,0,0.4,7),(83,8,'DF7VS3KG52PB_ForL','DF7VS3KG52PB_ForL--desc',1307,0.9,0,0,13),(84,6,'9K793UQIQBLP_AS','9K793UQIQBLP_AS--desc',1745,0.8,0,0.5,1),(85,8,'URMI7AEPBEQ_ForL','URMI7AEPBEQ_ForL--desc',1099,0.9,0,0,6),(86,12,'V6GC4BNGYV_PJ','V6GC4BNGYV_PJ--desc',4143,1,0,0,10),(87,12,'T0E10IZBQY_PJ','T0E10IZBQY_PJ--desc',5367,1,1,0,2),(88,8,'AJXW81YPK0OJ_ForL','AJXW81YPK0OJ_ForL--desc',2219,0.9,0,0,18),(89,7,'EJUMHNM4274_ForD','EJUMHNM4274_ForD--desc',6634,1,0,0.4,12),(90,11,'808W4EQEDB_Tv','808W4EQEDB_Tv--desc',5790,0.7,0,0.22,12),(91,11,'CXWLXLPA3890_Tv','CXWLXLPA3890_Tv--desc',5894,0.7,0,0.22,6),(92,8,'XG3YZUD0A9P_ForL','XG3YZUD0A9P_ForL--desc',1531,0.9,0,0,13),(93,11,'Z2Y9PI4UBJ_Tv','Z2Y9PI4UBJ_Tv--desc',3318,0.7,0,0.22,13),(94,5,'WGGQC5JW3UF_TB','WGGQC5JW3UF_TB--desc',5752,0.6,0,0.2,12),(95,12,'SBEREWGSRKK_PJ','SBEREWGSRKK_PJ--desc',3271,1,0,0,16),(96,12,'YVVXUCTSDYO_PJ','YVVXUCTSDYO_PJ--desc',6727,1,0,0,14),(97,8,'YWFP4QTYGYLM_ForL','YWFP4QTYGYLM_ForL--desc',2603,0.9,1,0,2),(98,5,'R8GXX23T07X_TB','R8GXX23T07X_TB--desc',2896,0.6,0,0.2,11),(99,7,'BBA8GGZNT1_ForD','BBA8GGZNT1_ForD--desc',2994,1,0,0.4,2),(100,12,'0Q3D5ZY6DHW_PJ','0Q3D5ZY6DHW_PJ--desc',4519,1,0,0,11),(101,11,'O8TVMDPLX8N_Tv','O8TVMDPLX8N_Tv--desc',4126,0.7,0,0.22,6),(102,8,'EWOGUSAJ4WFC_ForL','EWOGUSAJ4WFC_ForL--desc',3347,0.9,0,0,16),(103,5,'P555A186KL_TB','P555A186KL_TB--desc',1464,0.6,0,0.2,3),(104,6,'1LKP8BPVCFD_AS','1LKP8BPVCFD_AS--desc',4369,0.8,0,0.5,20),(105,9,'GV08VMNWNDTP_ForTB','GV08VMNWNDTP_ForTB--desc',4580,1,0,0,14),(106,5,'BXBL4ZYPP5_TB','BXBL4ZYPP5_TB--desc',5664,0.6,0,0.2,12),(107,11,'FI6IE44IZ459_Tv','FI6IE44IZ459_Tv--desc',3134,0.7,1,0.22,11),(108,10,'P4Y0QZYGLL_TVv','P4Y0QZYGLL_TVv--desc',1941,1,0,0.3,8),(109,11,'NR3RTX8IJVUX_Tv','NR3RTX8IJVUX_Tv--desc',6110,0.7,0,0.22,12),(110,5,'G2U4VINWKAC_TB','G2U4VINWKAC_TB--desc',1864,0.6,0,0.2,5),(111,8,'7WCS6JKO0S6_ForL','7WCS6JKO0S6_ForL--desc',2011,0.9,0,0,12),(112,9,'RUFI9M9DG4Y_ForTB','RUFI9M9DG4Y_ForTB--desc',4180,1,0,0,19),(113,6,'NQMLFZJ52A_AS','NQMLFZJ52A_AS--desc',1497,0.8,0,0.5,11),(114,6,'BKISAJJ8P3_AS','BKISAJJ8P3_AS--desc',3297,0.8,0,0.5,12),(115,10,'X4LQ0H2BYIE_TVv','X4LQ0H2BYIE_TVv--desc',2029,1,0,0.3,9),(116,8,'WSYXMXJOYCNI_ForL','WSYXMXJOYCNI_ForL--desc',2123,0.9,0,0,8),(117,10,'K8OXQIM7JWDJ_TVv','K8OXQIM7JWDJ_TVv--desc',3437,1,1,0.3,17),(118,6,'F1BCVKHPFTKP_AS','F1BCVKHPFTKP_AS--desc',3449,0.8,0,0.5,13),(119,12,'9QHCGTGPOZ_PJ','9QHCGTGPOZ_PJ--desc',6111,1,0,0,17),(120,6,'M9OTG1D493_AS','M9OTG1D493_AS--desc',1281,0.8,0,0.5,8),(121,5,'NASCO4KUGUO_TB','NASCO4KUGUO_TB--desc',2176,0.6,0,0.2,13),(122,9,'HKYR2SF7HY_ForTB','HKYR2SF7HY_ForTB--desc',3612,1,0,0,14),(123,6,'RO68ESKAWU_AS','RO68ESKAWU_AS--desc',6921,0.8,0,0.5,13),(124,10,'2DE4RQN54SG7_TVv','2DE4RQN54SG7_TVv--desc',4493,1,0,0.3,8),(125,8,'6GBVTB5OU4NA_ForL','6GBVTB5OU4NA_ForL--desc',6179,0.9,0,0,15),(126,7,'24FC6WKCY5O_ForD','24FC6WKCY5O_ForD--desc',2266,1,0,0.4,17),(127,8,'06VFO6FXKM_ForL','06VFO6FXKM_ForL--desc',3459,0.9,1,0,0),(128,6,'HQ68PBNUFX_AS','HQ68PBNUFX_AS--desc',5817,0.8,0,0.5,6),(129,8,'K5DNOY5X0G_ForL','K5DNOY5X0G_ForL--desc',5019,0.9,0,0,8),(130,6,'ABA4U7Z71K_AS','ABA4U7Z71K_AS--desc',1089,0.8,0,0.5,14),(131,6,'ZR5SMV5VH3ZL_AS','ZR5SMV5VH3ZL_AS--desc',2345,0.8,0,0.5,3),(132,9,'GEXZO36FNR_ForTB','GEXZO36FNR_ForTB--desc',2436,1,0,0,20),(133,9,'GUNKBR5BD44G_ForTB','GUNKBR5BD44G_ForTB--desc',4412,1,0,0,19),(134,7,'68CPKCW5AG4N_ForD','68CPKCW5AG4N_ForD--desc',1922,1,0,0.4,2),(135,9,'KY242M4GT1J1_ForTB','KY242M4GT1J1_ForTB--desc',6092,1,0,0,8),(136,6,'3ZQ0I7BEECA_AS','3ZQ0I7BEECA_AS--desc',1417,0.8,0,0.5,18),(137,8,'Z1BL0UURMNN_ForL','Z1BL0UURMNN_ForL--desc',1939,0.9,1,0,4),(138,6,'H9QY5B5WLT8M_AS','H9QY5B5WLT8M_AS--desc',5969,0.8,0,0.5,9),(139,9,'SAPPPEA0EUDK_ForTB','SAPPPEA0EUDK_ForTB--desc',1700,1,0,0,20),(140,7,'7DTVP9KBE320_ForD','7DTVP9KBE320_ForD--desc',6722,1,0,0.4,18),(141,6,'GFDRCZ202VGF_AS','GFDRCZ202VGF_AS--desc',4193,0.8,0,0.5,6),(142,9,'F144MSV5845_ForTB','F144MSV5845_ForTB--desc',4972,1,0,0,11),(143,12,'SXUUOH5CZC_PJ','SXUUOH5CZC_PJ--desc',3951,1,0,0,1),(144,12,'WT37LLQHO0_PJ','WT37LLQHO0_PJ--desc',3519,1,0,0,6),(145,7,'DKS6J7PXIVTJ_ForD','DKS6J7PXIVTJ_ForD--desc',6074,1,0,0.4,12),(146,5,'3EN2DKTYGRW_TB','3EN2DKTYGRW_TB--desc',2608,0.6,0,0.2,19),(147,6,'UDKF79UYI5O9_AS','UDKF79UYI5O9_AS--desc',4649,0.8,1,0.5,5),(148,6,'98NZZHC9TR1_AS','98NZZHC9TR1_AS--desc',5305,0.8,0,0.5,16),(149,6,'9ZQWPDUV0H_AS','9ZQWPDUV0H_AS--desc',4545,0.8,0,0.5,9),(150,6,'1HC4UIM410_AS','1HC4UIM410_AS--desc',6873,0.8,0,0.5,6),(151,8,'TEKYLVKET9_ForL','TEKYLVKET9_ForL--desc',4347,0.9,0,0,18),(152,5,'5KDPHM8WDSQD_TB','5KDPHM8WDSQD_TB--desc',6320,0.6,0,0.2,2),(153,7,'0BDVRJB7M2_ForD','0BDVRJB7M2_ForD--desc',6186,1,0,0.4,7),(154,12,'BRKLC5EDEE_PJ','BRKLC5EDEE_PJ--desc',5727,1,0,0,11),(155,8,'P86QFQNEHMP_ForL','P86QFQNEHMP_ForL--desc',6163,0.9,0,0,6),(156,5,'RFITRUO84AS_TB','RFITRUO84AS_TB--desc',5248,0.6,0,0.2,18),(157,7,'WCL0C029M8_ForD','WCL0C029M8_ForD--desc',6234,1,1,0.4,20),(158,6,'R1RX1G2QYLMT_AS','R1RX1G2QYLMT_AS--desc',5129,0.8,0,0.5,20),(159,8,'8N7H7BWZ6E_ForL','8N7H7BWZ6E_ForL--desc',5763,0.9,0,0,13),(160,11,'1K2X02XWHR_Tv','1K2X02XWHR_Tv--desc',1350,0.7,0,0.22,15),(161,11,'066TB7N3B23_Tv','066TB7N3B23_Tv--desc',4054,0.7,0,0.22,3),(162,7,'1PPJ0KWGTA3W_ForD','1PPJ0KWGTA3W_ForD--desc',5474,1,0,0.4,4),(163,8,'LS14UJW7D01M_ForL','LS14UJW7D01M_ForL--desc',3323,0.9,0,0,4),(164,9,'MPDY6JQWE96L_ForTB','MPDY6JQWE96L_ForTB--desc',1532,1,0,0,8),(165,5,'IZUD84BNLM_TB','IZUD84BNLM_TB--desc',3384,0.6,0,0.2,16),(166,9,'9L0IKQ236QP_ForTB','9L0IKQ236QP_ForTB--desc',3148,1,0,0,12),(167,5,'SRIMMHCCDO_TB','SRIMMHCCDO_TB--desc',2472,0.6,1,0.2,14),(168,10,'SVG23XIIJWRQ_TVv','SVG23XIIJWRQ_TVv--desc',3941,1,0,0.3,14),(169,7,'9G78N3PHQE77_ForD','9G78N3PHQE77_ForD--desc',4562,1,0,0.4,14),(170,5,'945BPXFM1B1P_TB','945BPXFM1B1P_TB--desc',4928,0.6,0,0.2,9),(171,10,'UK8KOATPWEQ_TVv','UK8KOATPWEQ_TVv--desc',1885,1,0,0.3,16),(172,9,'GAQ9PN17FRRF_ForTB','GAQ9PN17FRRF_ForTB--desc',4340,1,0,0,15),(173,7,'L4C0E47753D_ForD','L4C0E47753D_ForD--desc',1330,1,0,0.4,13),(174,6,'2NB0IQ6DOAC_AS','2NB0IQ6DOAC_AS--desc',5377,0.8,0,0.5,0),(175,8,'D5TEFRN2QN_ForL','D5TEFRN2QN_ForL--desc',2619,0.9,0,0,12),(176,10,'5930DSGHUM25_TVv','5930DSGHUM25_TVv--desc',5429,1,0,0.3,12),(177,7,'Z75MQ02OP5GX_ForD','Z75MQ02OP5GX_ForD--desc',6338,1,1,0.4,11),(178,6,'089AGCEQ0UR_AS','089AGCEQ0UR_AS--desc',1897,0.8,0,0.5,19),(179,11,'ZUQS8DHL8VUV_Tv','ZUQS8DHL8VUV_Tv--desc',1310,0.7,0,0.22,17),(180,12,'SO0IKL6UGTQN_PJ','SO0IKL6UGTQN_PJ--desc',1247,1,0,0,5),(181,5,'ZVHJF7XW8R_TB','ZVHJF7XW8R_TB--desc',4560,0.6,0,0.2,19),(182,11,'BQWYPGA3ROKA_Tv','BQWYPGA3ROKA_Tv--desc',5918,0.7,0,0.22,18),(183,10,'5CYLK3JLPZ_TVv','5CYLK3JLPZ_TVv--desc',6573,1,0,0.3,18),(184,7,'9XYM2JPPZ14_ForD','9XYM2JPPZ14_ForD--desc',5410,1,0,0.4,19),(185,12,'UXKETZZQAA_PJ','UXKETZZQAA_PJ--desc',2247,1,0,0,2),(186,8,'5MFC4YBAVGP8_ForL','5MFC4YBAVGP8_ForL--desc',6539,0.9,0,0,12),(187,12,'1EWGA7FMKQB_PJ','1EWGA7FMKQB_PJ--desc',2119,1,1,0,7),(188,6,'GP00KL3XKN_AS','GP00KL3XKN_AS--desc',6033,0.8,0,0.5,2),(189,6,'IKMXBLOPB8F_AS','IKMXBLOPB8F_AS--desc',5209,0.8,0,0.5,19),(190,10,'34JQB669IGG_TVv','34JQB669IGG_TVv--desc',4429,1,0,0.3,19),(191,9,'IUNAEEEY0QP_ForTB','IUNAEEEY0QP_ForTB--desc',2812,1,0,0,12),(192,11,'P8TZFD7538_Tv','P8TZFD7538_Tv--desc',5406,0.7,0,0.22,5),(193,12,'HF59KRAAAC_PJ','HF59KRAAAC_PJ--desc',4527,1,0,0,0),(194,7,'5MC53CE6IMP5_ForD','5MC53CE6IMP5_ForD--desc',3290,1,0,0.4,14),(195,10,'FZOT7C48UKKC_TVv','FZOT7C48UKKC_TVv--desc',4445,1,0,0.3,4),(196,12,'WZJKVQ6AHZ30_PJ','WZJKVQ6AHZ30_PJ--desc',4871,1,0,0,17),(197,9,'WJJONFJGAFFP_ForTB','WJJONFJGAFFP_ForTB--desc',5684,1,1,0,7),(198,9,'MNBBWU3F33_ForTB','MNBBWU3F33_ForTB--desc',6132,1,0,0,16),(199,5,'48UWGKCSFI_TB','48UWGKCSFI_TB--desc',4824,0.6,0,0.2,16),(200,10,'CNNM5BJ2NPKT_TVv','CNNM5BJ2NPKT_TVv--desc',5573,1,0,0.3,16),(201,7,'J81E1088DM2N_ForD','J81E1088DM2N_ForD--desc',6770,1,0,0.4,9),(202,10,'1KJSPJYHGN3_TVv','1KJSPJYHGN3_TVv--desc',3373,1,0,0.3,3),(203,11,'388M7MGG7CKT_Tv','388M7MGG7CKT_Tv--desc',1910,0.7,0,0.22,4),(204,12,'VNRJW9QPLI_PJ','VNRJW9QPLI_PJ--desc',6423,1,0,0,11),(205,12,'FNQ39XP4K7X_PJ','FNQ39XP4K7X_PJ--desc',5983,1,0,0,19),(206,11,'Y1H5H3DCLKTZ_Tv','Y1H5H3DCLKTZ_Tv--desc',3830,0.7,0,0.22,19),(207,13,'B1','book',3434,1,1,0.4,1),(208,13,'B2','book',1564,1,0,0,2),(209,13,'B3','book',2466,1,0,0.4,20),(210,13,'B4','book',6671,1,0,0,16),(211,13,'B5','book',3967,1,0,0,1),(212,13,'B6','book',1835,0.9,0,0,15),(213,13,'B7','book',5003,0.9,0,0,16),(214,13,'B8','book',4661,1,0,0.3,9),(215,13,'B9','book',1982,0.7,0,0.22,9),(216,13,'B10','book',3672,0.6,0,0.2,11);
INSERT INTO `Product_Keyword` VALUES (1,'dell'),(2,'slim'),(5,'asus'),(5,'slim'),(6,'hp'),(7,'eco-friendly'),(7,'green'),(8,'Clear Stereo Audio'),(8,'green'),(9,'eco-friendly'),(9,'red'),(10,'Clear Stereo Audio'),(10,'red'),(11,'1080p'),(11,'blue'),(12,'blue'),(12,'energy-saving'),(13,'1080p'),(13,'blue'),(14,'blue'),(14,'Clear Stereo Audio'),(15,'blue'),(15,'eco-friendly'),(16,'FUll-HD'),(16,'yellow'),(17,'FUll-HD'),(17,'red'),(18,'FUll-HD'),(18,'orange'),(19,'1080p'),(19,'green'),(20,'Clear Stereo Audio'),(20,'red'),(21,'eco-friendly'),(21,'green'),(22,'1080p'),(22,'yellow'),(23,'Clear Stereo Audio'),(23,'orange'),(24,'Clear Stereo Audio'),(24,'orange'),(25,'FUll-HD'),(25,'yellow'),(26,'Clear Stereo Audio'),(26,'green'),(27,'eco-friendly'),(27,'red'),(28,'Clear Stereo Audio'),(28,'red'),(29,'blue'),(29,'FUll-HD'),(30,'energy-saving'),(30,'green'),(31,'FUll-HD'),(31,'orange'),(32,'1080p'),(32,'yellow'),(33,'1080p'),(33,'orange'),(34,'energy-saving'),(34,'yellow'),(35,'1080p'),(35,'red'),(36,'energy-saving'),(36,'red'),(37,'FUll-HD'),(37,'orange'),(38,'eco-friendly'),(38,'yellow'),(39,'FUll-HD'),(39,'green'),(40,'1080p'),(40,'red'),(41,'blue'),(41,'energy-saving'),(42,'FUll-HD'),(42,'green'),(43,'1080p'),(43,'blue'),(44,'eco-friendly'),(44,'orange'),(45,'blue'),(45,'energy-saving'),(46,'eco-friendly'),(46,'orange'),(47,'blue'),(47,'FUll-HD'),(48,'energy-saving'),(48,'yellow'),(49,'1080p'),(49,'green'),(50,'energy-saving'),(50,'orange'),(51,'1080p'),(51,'yellow'),(52,'blue'),(52,'eco-friendly'),(53,'FUll-HD'),(53,'green'),(54,'energy-saving'),(54,'yellow'),(55,'FUll-HD'),(55,'green'),(56,'Clear Stereo Audio'),(56,'yellow'),(57,'blue'),(57,'eco-friendly'),(58,'1080p'),(58,'orange'),(59,'blue'),(59,'energy-saving'),(60,'eco-friendly'),(60,'green'),(61,'Clear Stereo Audio'),(61,'orange'),(62,'eco-friendly'),(62,'red'),(63,'energy-saving'),(63,'red'),(64,'Clear Stereo Audio'),(64,'red'),(65,'eco-friendly'),(65,'orange'),(66,'energy-saving'),(66,'orange'),(67,'FUll-HD'),(67,'green'),(68,'1080p'),(68,'green'),(69,'eco-friendly'),(69,'red'),(70,'FUll-HD'),(70,'yellow'),(71,'1080p'),(71,'yellow'),(72,'1080p'),(72,'orange'),(73,'Clear Stereo Audio'),(73,'green'),(74,'eco-friendly'),(74,'yellow'),(75,'energy-saving'),(75,'red'),(76,'FUll-HD'),(76,'green'),(77,'FUll-HD'),(77,'orange'),(78,'blue'),(78,'energy-saving'),(79,'1080p'),(79,'green'),(80,'Clear Stereo Audio'),(80,'green'),(81,'Clear Stereo Audio'),(81,'orange'),(82,'energy-saving'),(82,'red'),(83,'1080p'),(83,'yellow'),(84,'1080p'),(84,'orange'),(85,'blue'),(85,'FUll-HD'),(86,'1080p'),(86,'green'),(87,'blue'),(87,'Clear Stereo Audio'),(88,'Clear Stereo Audio'),(88,'orange'),(89,'1080p'),(89,'orange'),(90,'Clear Stereo Audio'),(90,'orange'),(91,'Clear Stereo Audio'),(91,'green'),(92,'blue'),(92,'Clear Stereo Audio'),(93,'Clear Stereo Audio'),(93,'red'),(94,'blue'),(94,'energy-saving'),(95,'energy-saving'),(95,'yellow'),(96,'1080p'),(96,'red'),(97,'1080p'),(97,'orange'),(98,'energy-saving'),(98,'red'),(99,'1080p'),(99,'green'),(100,'blue'),(100,'FUll-HD'),(101,'Clear Stereo Audio'),(101,'green'),(102,'Clear Stereo Audio'),(102,'orange'),(103,'blue'),(103,'eco-friendly'),(104,'Clear Stereo Audio'),(104,'red'),(105,'1080p'),(105,'blue'),(106,'energy-saving'),(106,'yellow'),(107,'FUll-HD'),(107,'yellow'),(108,'eco-friendly'),(108,'red'),(109,'1080p'),(109,'yellow'),(110,'FUll-HD'),(110,'orange'),(111,'1080p'),(111,'yellow'),(112,'eco-friendly'),(112,'red'),(113,'eco-friendly'),(113,'red'),(114,'FUll-HD'),(114,'orange'),(115,'1080p'),(115,'blue'),(116,'eco-friendly'),(116,'yellow'),(117,'energy-saving'),(117,'green'),(118,'1080p'),(118,'red'),(119,'1080p'),(119,'red'),(120,'FUll-HD'),(120,'red'),(121,'energy-saving'),(121,'red'),(122,'blue'),(122,'energy-saving'),(123,'blue'),(123,'eco-friendly'),(124,'energy-saving'),(124,'green'),(125,'Clear Stereo Audio'),(125,'orange'),(126,'Clear Stereo Audio'),(126,'yellow'),(127,'FUll-HD'),(127,'yellow'),(128,'Clear Stereo Audio'),(128,'green'),(129,'blue'),(129,'eco-friendly'),(130,'eco-friendly'),(130,'orange'),(131,'blue'),(131,'eco-friendly'),(132,'energy-saving'),(132,'green'),(133,'1080p'),(133,'green'),(134,'FUll-HD'),(134,'yellow'),(135,'eco-friendly'),(135,'red'),(136,'1080p'),(136,'green'),(137,'energy-saving'),(137,'yellow'),(138,'eco-friendly'),(138,'red'),(139,'energy-saving'),(139,'red'),(140,'FUll-HD'),(140,'green'),(141,'FUll-HD'),(141,'green'),(142,'eco-friendly'),(142,'red'),(143,'blue'),(143,'energy-saving'),(144,'eco-friendly'),(144,'orange'),(145,'FUll-HD'),(145,'orange'),(146,'eco-friendly'),(146,'red'),(147,'FUll-HD'),(147,'orange'),(148,'energy-saving'),(148,'green'),(149,'FUll-HD'),(149,'orange'),(150,'1080p'),(150,'orange'),(151,'FUll-HD'),(151,'red'),(152,'1080p'),(152,'green'),(153,'FUll-HD'),(153,'orange'),(154,'FUll-HD'),(154,'yellow'),(155,'energy-saving'),(155,'green'),(156,'energy-saving'),(156,'yellow'),(157,'energy-saving'),(157,'red'),(158,'blue'),(158,'FUll-HD'),(159,'1080p'),(159,'red'),(160,'FUll-HD'),(160,'orange'),(161,'energy-saving'),(161,'orange'),(162,'Clear Stereo Audio'),(162,'orange'),(163,'blue'),(163,'Clear Stereo Audio'),(164,'eco-friendly'),(164,'orange'),(165,'FUll-HD'),(165,'orange'),(166,'1080p'),(166,'green'),(167,'1080p'),(167,'red'),(168,'1080p'),(168,'orange'),(169,'1080p'),(169,'blue'),(170,'blue'),(170,'Clear Stereo Audio'),(171,'Clear Stereo Audio'),(171,'orange'),(172,'1080p'),(172,'green'),(173,'blue'),(173,'Clear Stereo Audio'),(174,'eco-friendly'),(174,'red'),(175,'Clear Stereo Audio'),(175,'yellow'),(176,'blue'),(176,'energy-saving'),(177,'eco-friendly'),(177,'yellow'),(178,'energy-saving'),(178,'green'),(179,'FUll-HD'),(179,'yellow'),(180,'1080p'),(180,'yellow'),(181,'energy-saving'),(181,'green'),(182,'eco-friendly'),(182,'yellow'),(183,'energy-saving'),(183,'orange'),(184,'eco-friendly'),(184,'orange'),(185,'energy-saving'),(185,'green'),(186,'eco-friendly'),(186,'yellow'),(187,'eco-friendly'),(187,'orange'),(188,'blue'),(188,'eco-friendly'),(189,'eco-friendly'),(189,'orange'),(190,'FUll-HD'),(190,'yellow'),(191,'FUll-HD'),(191,'red'),(192,'Clear Stereo Audio'),(192,'green'),(193,'energy-saving'),(193,'orange'),(194,'1080p'),(194,'blue'),(195,'eco-friendly'),(195,'green'),(196,'1080p'),(196,'red'),(197,'1080p'),(197,'blue'),(198,'eco-friendly'),(198,'yellow'),(199,'FUll-HD'),(199,'red'),(200,'Clear Stereo Audio'),(200,'red'),(201,'eco-friendly'),(201,'green'),(202,'energy-saving'),(202,'green'),(203,'blue'),(203,'energy-saving'),(204,'eco-friendly'),(204,'orange'),(205,'energy-saving'),(205,'red'),(206,'FUll-HD'),(206,'red');


-- task 4 create some users
INSERT INTO `User` VALUES (651352,'XRizsH_05','7d07BI8omS8','5974467721',0),(786520,'TIr8xC_96','3a55QJvtxRW','1062515118',0),(802378,'JPhUeP_52','2u35NBw2zIS','2386486954',1),(1143522,'MNgJh5_30','2r22OVA4eJU','5787574411',1),(2597029,'GKzNxD_27','9p21RLS9nY8','8407250997',0),(2824364,'AAeDgE_12','8i00VNfiqC3','7543610723',0),(3561928,'WNfB61_17','6y68HNSznPJ','3625247001',1),(5114067,'UCxOi8_98','5b39GH3ghH0','8172739619',0),(5469181,'BGhIv2_17','6q25OHPi2L0','4377495483',1),(6366484,'IJgNhZ_16','4t69ORGqrV8','5082785261',1),(6484092,'MWtwpC_64','6q67ZVBrcO9','2615457465',0),(6567448,'PIxYgE_40','3m78GCqj7B9','2748557155',1),(6625903,'OGi73C_99','4s49FEp08K9','9014496744',0),(6811981,'VUxacA_05','0u90TAq8xTP','5074523329',1),(7141150,'DYtnjJ_09','4t17YNnedDD','1054841728',1),(7516286,'XDoJgY_03','1m56ICRdhLX','4767240089',1),(7808937,'BYz6oG_93','3n40QSsgtOD','6196143800',1),(8224387,'ZWf1u0_52','3p72QNBgyBJ','4167466019',1),(8324644,'PTlcj0_58','2s28VHcymJE','5505904796',1),(9037038,'ANsnpG_93','6m97ZQzsbN1','4391970563',0),(9124989,'Prashanna Rai','pwdpwd','004646464',1),(9686808,'KZu9p6_69','6b85OPWmpG2','9032203268',0),(10217203,'SAi29X_84','0t76VLf1zIS','8999364783',0),(10494445,'CZaVsC_43','8n31ZZNukZ0','1218184913',0),(11379730,'KUhv94_56','1x58GLw2rLC','6676427350',0),(12052852,'WKlMb1_28','2j45JVKgmUB','1346236059',1),(12106948,'UMlrhB_23','5s63HTaq1SR','2931695550',0),(12206784,'YYi9g7_35','2g27YUou8JB','5374564992',0),(12987442,'GIewkL_46','0k15ZB0nsLN','6653641502',0),(13355021,'MVdXxZ_66','8k66AQb4eSE','6323742532',1),(13523001,'KJv496_95','4z48SMsvlG9','4033538285',0),(13873909,'ZYkFaA_27','2r96WE9w8YZ','9299576137',1),(14363317,'ITyxuV_60','3z75NBjimQJ','6348208829',0),(14495962,'ODxwb8_64','7u38VSnp0W0','7607335192',0),(14791222,'YOxRaV_64','2j87ETg5bYP','8616353948',0),(14869282,'PRsJjW_77','4b19LA4vbHS','8783010665',0),(15251880,'EGcPkN_76','8d09UKDp1QT','7394573065',1),(15733255,'TXx9qH_92','0z12SCeh7SK','7125607850',0),(16019160,'SFyR81_93','6e72GD9a2EY','4245359085',0),(17252157,'PJs08E_98','4v03GCC2uCM','7899976905',0),(18197166,'JYjvlW_70','2w56QFQscXW','1994030314',1),(18893275,'LQh96X_29','9c65JWOkqLE','6866564100',1),(19408810,'MWcbgF_13','3z10IEkwrLB','4682205031',0),(19526706,'FDqCgO_43','2g16GPMhoB2','3371184818',1),(20429269,'NFfa21_28','6g68LHy0hMM','8176904202',0),(20614037,'RFhFoF_08','1i62KDr8qSV','6283432161',0),(20681450,'PKnMg0_21','9h81HNgszHQ','4631622254',0),(21427123,'LXlgjD_63','6a09MWss5KT','9208726305',0),(22047880,'HHkKlK_85','1g70MIHihZQ','8281263155',1),(23437139,'BQoyd5_63','2s25TA4hoFV','5207684524',1),(23882559,'VBhbcB_24','5h55WPc8iZL','3592107410',0),(24319405,'XQlx9B_30','0n04ABRthVX','6274928380',0),(24496077,'YFsWx5_10','0k66KXRvuJA','1654148630',1),(24754995,'DLzc4D_55','4l22AMtfgNN','8299817049',1),(24770752,'XIdIfJ_14','6h41FPzc1EX','9833795487',0),(26073896,'PEnMjJ_59','7w76SVOy2GW','1414465469',1),(26082780,'FFeoeM_09','0b78NS5jeP9','9646105815',1),(26720239,'BQslmX_40','4a79CZFstBW','9883945269',0),(26750937,'NQgXuL_38','4q07WTcj2YI','6264325077',1),(26832909,'STeSmU_45','9c38NWg5cG1','5333832720',0),(27267138,'FGzi4W_50','6c43RWIauV6','8107095409',0),(27471052,'ANlVyC_96','6q01UApirX4','5339428296',0),(27661134,'YOer6B_29','7c10HPV2uG6','1508744586',1),(27870986,'LAuMe6_52','8p24JVp1oO8','7466129466',1),(27877026,'AUirzS_99','3s40PK6maJJ','5356598869',0),(28305748,'TBdm6P_79','5k32AQM8dIF','4461266915',1),(28829983,'HRjs4M_53','4l62MPTpwSB','3431064328',0),(29748891,'NCqv67_25','7z19FRCrjJS','5628389089',0),(30364603,'KXfMt2_19','8z29KWH34VU','4938301699',0),(30657316,'KLv0oK_92','8g89EPWzcLP','6822382053',1),(31704751,'ENw8nO_78','9x40AMkynYG','6091748161',1),(31802435,'DCqV5X_03','1q58ABBzaOF','2701400108',0),(32039232,'BOb9bH_91','8p65ZJczqM6','9558662296',1),(34280328,'VNwe20_41','9y46STcy0JI','7447263080',0),(34768587,'ZHiDx1_20','3u22EN86hGJ','9107758678',0),(34792879,'GXzdsW_65','9e76WXm7mWS','1944552900',1),(35684635,'TDgy9D_12','1m22VVF2gSS','3659243712',0),(36052519,'IUsjtU_98','0p37EZieeS8','1729963190',1),(38635087,'ZFkpu1_64','0r22CZ772U5','1413942877',0),(39158508,'NLnzfO_55','5s00ZEplvN1','1156943646',1),(39403521,'CVjppS_81','3g39NWe2zQO','9062166520',1),(39793483,'HFmSxD_83','6x04CV9neKQ','2302589767',0),(39948150,'UBiikC_01','5f24BY0a8FE','3208203548',0),(39996611,'AMxdy2_99','2e82TFh2kWM','8359745894',1),(41912751,'FLkUbY_20','3c37VAowoD3','1653072281',1),(41958683,'JQjSsM_31','4m03YO7nwD6','8413179632',0),(42372969,'VJdxz7_52','9y12KEltoZY','3564356879',1),(42625459,'SIeYiA_95','9e33UFre5J2','9751941099',0),(42850604,'FAwnfA_23','9o29XEj7sFL','2742910491',0),(43492650,'CYyUwD_28','4i63HKI1yCR','5023813765',1),(44173205,'ZEaV0W_90','9a75VM2ntFM','6714873797',0),(44710521,'ECtxqG_45','2h30JFvgyMU','7188405590',0),(45112780,'GNsD6W_94','3y95CZP5rW2','5054190773',1),(45666495,'VCaX1R_13','4y90NPZwbDK','1808754288',1),(46553867,'QMpeaM_33','2c54ITJecDA','7639611130',1),(48799965,'GWkL5P_93','6k70WMvyuTR','1634916905',0),(50259468,'TWbE09_04','5d61BJM9aC0','3476794708',1),(50502589,'JGdyq5_37','5s04EPnp6FR','4432321688',0),(50814129,'NLyc3Q_65','0c25IQWnaWV','3782784439',0),(51083387,'CTsJhB_68','3p23VGtpaBZ','6513694423',1),(51820725,'NGwTs7_99','6w18HFqcyYQ','9158275222',1),(52297498,'NCe8sH_20','3y25HJhckNM','7693929431',0),(52299836,'LEsV3P_41','9g81OW8wbGU','5033511599',1),(52387675,'OHwAjV_98','6o49KZZdlOV','2614937833',1),(52498419,'JZfI46_23','1o33TVXvrPT','1339991232',0),(52599711,'KMb2jP_23','1y77YYM98V2','8812829366',0),(53015035,'EIcGhJ_99','7y94VF3w0GG','7843378233',1),(53150147,'AHqdwE_43','8w42CPlz0RB','2342708865',1),(53199262,'UIkua4_14','2x02HScr4UZ','8928747187',1),(53209536,'GYuF27_06','5m54KJLnbII','7118067482',1),(54552283,'NCpRjS_29','8i88ZVev8QI','8061738195',1),(54661731,'WCrD3D_08','2m97VJjklDG','6625125926',0),(55818230,'LAkt7A_71','4b04EVYmeSQ','9481539480',0),(55830117,'FJtu5G_21','0h79GE9ytZC','1369720645',0),(55865401,'RAbAf8_96','6q92LB99nSI','2792672760',0),(56611229,'WPpHw2_71','9p01JIq1sTL','5523919856',1),(57020821,'ITj74T_21','8p29ITBa9TB','9961239447',1),(57771309,'KJpmw5_97','7a77TEu4zFE','6362983685',0),(57948209,'IBp880_61','1l51CWkchKM','6483516312',0),(57957455,'SPwsi4_55','4u00GSTbfKK','1236207301',0),(58025334,'XJyMu3_45','5l70MMifuC7','2137985600',0),(58686056,'KGxEkC_33','5j77ESsm1K6','5174417917',1),(59213888,'TXyJv5_76','3l40NB3vkRN','3002096301',1),(59830119,'WWd88V_27','6y69ES86nY8','2537506477',1),(59845433,'QInBkT_16','8x55PJL00SQ','8816189944',0),(60725675,'IWyjrL_40','5q86BVsddEA','6005052919',0),(61600270,'EBqs1Q_03','4o45XQjuaAP','5868859302',0),(62280500,'RVq17V_90','7h40UJi8iZ9','4084678858',0),(63201434,'OUe77W_44','5q01GZgp2ZR','1067324274',1),(63990087,'TGlW1P_20','1j77AJc6qI9','9981255592',1),(64182977,'BViCaG_71','6j26NCFy1E4','2076190390',0),(64298402,'PCkc9N_89','5l50OVNawDP','1273143479',1),(65260092,'ELo60N_64','7e02EJw3eV2','7987640291',0),(65791809,'TIpuqI_94','3q12MLmw7HT','2702537414',0),(66656109,'NHrr0E_43','9v22VW1f9NX','2183130144',1),(67785096,'HNyw6U_33','7q20XQmieAI','3807446234',0),(68051121,'TSmgvG_26','8s84OFGs4JD','9149383757',1),(68566771,'RLgniE_11','7x86QATv4Z5','2619619903',1),(69631210,'TQvsn5_60','8i99DZr8rQ6','2849209780',0),(69771693,'YFqxb3_18','6g98LI8asM8','4223094143',0),(70624591,'CPwopB_68','8w63JYgiePV','4155275909',1),(70974454,'TEo9f8_59','2j75XHqzoH5','2038757751',0),(71353027,'DIbzq9_06','4p33DN4y5YN','2951333254',0),(72135543,'CErwsG_10','8q32BFbasZ4','2485017266',1),(72243781,'SWnkvQ_33','0y96PRHeqR1','4941144222',0),(72648511,'HPnTsB_20','1r65DMSe0JS','6792564687',1),(72874248,'RExihW_79','0f30TCEimND','4918314759',1),(72966582,'LDslqO_42','5c76GJIvtS3','2792994665',1),(73095468,'YFhZ11_27','7s65SNmbtGI','3514651988',0),(74027397,'XPcnyQ_50','8t81CDV8jIC','9562044164',0),(74457163,'ZDnjfS_30','2q61BKjhdID','7224338076',1),(75954461,'OIapzB_33','4e09KKsxuTT','5173001302',0),(75982824,'GViOjD_92','8v92MNXrhQU','9197336848',1),(76138794,'XRlQoO_44','0b27UQV5aF4','9272813372',0),(76573765,'CMbGd4_68','0w54AOI49K2','6129000899',1),(76583594,'NMcIrV_87','3r86DKz16HI','7355471791',1),(76789990,'EKpgp9_04','2w34WH220ZU','7123734737',1),(77837341,'FPgEw7_88','9w91RM8sfN0','1781022535',1),(78706116,'LCsoiI_38','2n87YQL6pBY','9817522267',0),(78846759,'NLwVl5_74','8y55NXY04JK','5086146008',0),(78977262,'VCkKtL_60','4b54ZLLgwPT','3515169713',0),(79210900,'KEph86_79','5y05IXv89ZH','8222403650',0),(79224267,'GLtOwM_12','1u13SQQ8oMW','9902072738',1),(79868229,'QZlbi4_89','8w66MBK2wNH','7942114180',0),(80977022,'PEiPwW_00','8c27IVc38R6','9351012990',1),(81696519,'JKo4iG_93','7p58BCP4jPP','6245197275',1),(81725319,'NGdivP_66','4z47BR45jW9','7549108098',0),(81984019,'OOq4g1_26','1m71IH5amFO','6821066407',0),(82915835,'ADkQ6Z_20','5k45HKr99MX','2641245419',1),(83607894,'KGsE1L_59','0d71AMSreVS','9215873455',0),(83805463,'QWnZ14_17','9c34NJIb3L1','2774065578',0),(84416396,'WMth2V_74','5e70DNhfbLM','8348277696',1),(84423447,'AWzwz5_61','5m83AAedjWM','8308186151',0),(86128017,'ODkIuW_58','9e79UEViyGT','9869989952',0),(86222062,'JPe2h4_28','3j96UOH4iW1','4052233768',1),(86273810,'UOaY8R_69','6i88CPTlzMX','9546496692',0),(86910969,'NRxr2O_43','1a98CNswwKX','1318672139',1),(88133819,'RTfO5S_77','4z56PYi3hLH','2255115111',1),(89275148,'EJnKjK_72','8t46LOeluY7','6526458167',1),(89460128,'JDvK23_45','3o76NCZ5uPT','9943575147',1),(90647437,'YQrzmK_62','5r34CSQyqOL','1388606753',0),(90796467,'OWdCg2_53','7k77KKE2uW0','3421493467',0),(91249909,'Prashanna Rai','pwdpwd','004646464',1),(91249919,'Prashanna Rai','pwdpwd','004646464',1),(91249929,'Prashanna Rai','pwdpwd','004646464',1),(91249939,'Prashanna Rai','pwdpwd','004646464',1),(91249959,'Prashanna Rai','pwdpwd','004646464',1),(91249969,'Prashanna Rai','pwdpwd','004646464',1),(91249979,'Prashanna Rai','pwdpwd','004646464',1),(91249999,'Prashanna Rai','pwdpwd','004646464',1),(92147056,'UJcXo6_02','7t12SKngxLP','6875300339',0),(92362652,'IMeDnL_23','0l71MFvq8QL','7886071135',0),(92385609,'OHtX7F_28','7u38VJLv1S9','3505567646',0),(92571847,'HYpkrN_01','6k60HPu3mJN','5096007016',0),(93206866,'GJzzxI_51','2z19DWPudZ4','1154597387',0),(94144858,'VThPc5_61','7q16XTvr1CX','8313351776',1),(94201685,'SNs9dW_81','1d66ID6ovV7','7972467289',1),(94493135,'WBaFr2_98','3r77GVY2vET','6104028114',1),(94498251,'QPlezJ_63','6j06MZl7tR9','2439266983',0),(96181856,'ASdbzH_07','1b80ZCfn6H2','7528161562',0),(96394157,'UVh9kL_73','2w91MDeq0QT','7852842423',1),(97082250,'AOegcC_36','3p03REyveL4','3546036216',0),(97125096,'DDzxaH_56','5b19DDaipXM','1388463047',1),(97508122,'QBkV30_71','5k95DJs0rXL','4146097223',1),(97693775,'EIeGtA_35','8y80MLE1rLA','6199140596',0),(98486221,'UCsWnJ_49','0o83CXdg1P1','9909403291',1),(99394970,'UFhL7R_08','8w43XSeneG7','2313770201',1),(99852495,'GLwhm6_88','2i90XKW8iRG','5684283864',1),(99971045,'UUmauW_92','0s21UQ519NM','3033385807',1);
INSERT INTO `User_Address` VALUES (35684635,1),(72648511,2),(14791222,3),(93206866,4),(68051121,5),(57771309,6),(14363317,7),(34792879,8),(78846759,9),(12052852,10),(69771693,11),(90647437,12),(81696519,13),(12106948,14),(28305748,15),(76573765,16),(68566771,17),(70974454,18),(13355021,19),(28829983,20),(42372969,21),(6811981,22),(45112780,23),(16019160,24),(26082780,25),(99852495,26),(81725319,27),(71353027,28),(10494445,29),(58686056,30),(67785096,31),(7808937,32),(1143522,33),(41912751,34),(89275148,35),(76789990,36),(97082250,37),(78706116,38),(34280328,39),(97693775,40),(3561928,41),(8224387,42),(74457163,43),(55865401,44),(81984019,45),(76583594,46),(56611229,47),(70624591,48),(50502589,49),(42625459,50),(78977262,51),(92385609,52),(7141150,53),(83607894,54),(54661731,55),(96181856,56),(74027397,57),(20429269,58),(26750937,59),(79868229,60),(31802435,61),(92362652,62),(86222062,63),(22047880,64),(62280500,65),(18893275,66),(802378,67),(15251880,68),(24319405,69),(34768587,70),(86910969,71),(41958683,72),(6484092,73),(53199262,74),(72874248,75),(8324644,76),(64298402,77),(50259468,78),(2597029,79),(86128017,80),(50814129,81),(45666495,82),(5469181,83),(21427123,84),(94498251,85),(43492650,86),(10217203,87),(97508122,88),(26720239,89),(52599711,90),(55830117,91),(44173205,92),(13873909,93),(72135543,94),(27877026,95),(65260092,96),(59830119,97),(82915835,98),(73095468,99),(39996611,100),(53150147,101),(57020821,102),(46553867,103),(80977022,104),(53015035,105),(79210900,106),(15733255,107),(651352,108),(27870986,109),(72243781,110),(75954461,111),(52498419,112),(94493135,113),(6625903,114),(59845433,115),(79224267,116),(52387675,117),(57948209,118),(58025334,119),(20614037,120),(51083387,121),(11379730,122),(86273810,123),(84416396,124),(2824364,125),(54552283,126),(77837341,127),(9686808,128),(48799965,129),(27267138,130),(83805463,131),(13523001,132),(98486221,133),(94144858,134),(63990087,135),(92147056,136),(14869282,137),(42850604,138),(29748891,139),(92571847,140),(65791809,141),(88133819,142),(39948150,143),(30364603,144),(52297498,145),(20681450,146),(23882559,147),(99971045,148),(7516286,149),(19408810,150),(23437139,151),(12987442,152),(30657316,153),(97125096,154),(6567448,155),(57957455,156),(60725675,157),(44710521,158),(96394157,159),(76138794,160),(39403521,161),(17252157,162),(14495962,163),(32039232,164),(39793483,165),(89460128,166),(24770752,167),(51820725,168),(99394970,169),(27661134,170),(26073896,171),(72966582,172),(26832909,173),(64182977,174),(90796467,175),(24496077,176),(84423447,177),(12206784,178),(55818230,179),(27471052,180),(61600270,181),(786520,182),(38635087,183),(5114067,184),(69631210,185),(52299836,186),(31704751,187),(19526706,188),(39158508,189),(24754995,190),(9037038,191),(6366484,192),(66656109,193),(94201685,194),(18197166,195),(36052519,196),(59213888,197),(63201434,198),(75982824,199),(53209536,200);
INSERT INTO `Users_Email` VALUES (651352,'XRizsH_05@gmail.com'),(786520,'TIr8xC_96@gmail.com'),(802378,'JPhUeP_52@gmail.com'),(1143522,'MNgJh5_30@gmail.com'),(2597029,'GKzNxD_27@gmail.com'),(2824364,'AAeDgE_12@gmail.com'),(3561928,'WNfB61_17@gmail.com'),(5114067,'UCxOi8_98@gmail.com'),(5469181,'BGhIv2_17@gmail.com'),(6366484,'IJgNhZ_16@gmail.com'),(6484092,'MWtwpC_64@gmail.com'),(6567448,'PIxYgE_40@gmail.com'),(6625903,'OGi73C_99@gmail.com'),(6811981,'VUxacA_05@gmail.com'),(7141150,'DYtnjJ_09@gmail.com'),(7516286,'XDoJgY_03@gmail.com'),(7808937,'BYz6oG_93@gmail.com'),(8224387,'ZWf1u0_52@gmail.com'),(8324644,'PTlcj0_58@gmail.com'),(9037038,'ANsnpG_93@gmail.com'),(9686808,'KZu9p6_69@gmail.com'),(10217203,'SAi29X_84@gmail.com'),(10494445,'CZaVsC_43@gmail.com'),(11379730,'KUhv94_56@gmail.com'),(12052852,'WKlMb1_28@gmail.com'),(12106948,'UMlrhB_23@gmail.com'),(12206784,'YYi9g7_35@gmail.com'),(12987442,'GIewkL_46@gmail.com'),(13355021,'MVdXxZ_66@gmail.com'),(13523001,'KJv496_95@gmail.com'),(13873909,'ZYkFaA_27@gmail.com'),(14363317,'ITyxuV_60@gmail.com'),(14495962,'ODxwb8_64@gmail.com'),(14791222,'YOxRaV_64@gmail.com'),(14869282,'PRsJjW_77@gmail.com'),(15251880,'EGcPkN_76@gmail.com'),(15733255,'TXx9qH_92@gmail.com'),(16019160,'SFyR81_93@gmail.com'),(17252157,'PJs08E_98@gmail.com'),(18197166,'JYjvlW_70@gmail.com'),(18893275,'LQh96X_29@gmail.com'),(19408810,'MWcbgF_13@gmail.com'),(19526706,'FDqCgO_43@gmail.com'),(20429269,'NFfa21_28@gmail.com'),(20614037,'RFhFoF_08@gmail.com'),(20681450,'PKnMg0_21@gmail.com'),(21427123,'LXlgjD_63@gmail.com'),(22047880,'HHkKlK_85@gmail.com'),(23437139,'BQoyd5_63@gmail.com'),(23882559,'VBhbcB_24@gmail.com'),(24319405,'XQlx9B_30@gmail.com'),(24496077,'YFsWx5_10@gmail.com'),(24754995,'DLzc4D_55@gmail.com'),(24770752,'XIdIfJ_14@gmail.com'),(26073896,'PEnMjJ_59@gmail.com'),(26082780,'FFeoeM_09@gmail.com'),(26720239,'BQslmX_40@gmail.com'),(26750937,'NQgXuL_38@gmail.com'),(26832909,'STeSmU_45@gmail.com'),(27267138,'FGzi4W_50@gmail.com'),(27471052,'ANlVyC_96@gmail.com'),(27661134,'YOer6B_29@gmail.com'),(27870986,'LAuMe6_52@gmail.com'),(27877026,'AUirzS_99@gmail.com'),(28305748,'TBdm6P_79@gmail.com'),(28829983,'HRjs4M_53@gmail.com'),(29748891,'NCqv67_25@gmail.com'),(30364603,'KXfMt2_19@gmail.com'),(30657316,'KLv0oK_92@gmail.com'),(31704751,'ENw8nO_78@gmail.com'),(31802435,'DCqV5X_03@gmail.com'),(32039232,'BOb9bH_91@gmail.com'),(34280328,'VNwe20_41@gmail.com'),(34768587,'ZHiDx1_20@gmail.com'),(34792879,'GXzdsW_65@gmail.com'),(35684635,'TDgy9D_12@gmail.com'),(36052519,'IUsjtU_98@gmail.com'),(38635087,'ZFkpu1_64@gmail.com'),(39158508,'NLnzfO_55@gmail.com'),(39403521,'CVjppS_81@gmail.com'),(39793483,'HFmSxD_83@gmail.com'),(39948150,'UBiikC_01@gmail.com'),(39996611,'AMxdy2_99@gmail.com'),(41912751,'FLkUbY_20@gmail.com'),(41958683,'JQjSsM_31@gmail.com'),(42372969,'VJdxz7_52@gmail.com'),(42625459,'SIeYiA_95@gmail.com'),(42850604,'FAwnfA_23@gmail.com'),(43492650,'CYyUwD_28@gmail.com'),(44173205,'ZEaV0W_90@gmail.com'),(44710521,'ECtxqG_45@gmail.com'),(45112780,'GNsD6W_94@gmail.com'),(45666495,'VCaX1R_13@gmail.com'),(46553867,'QMpeaM_33@gmail.com'),(48799965,'GWkL5P_93@gmail.com'),(50259468,'TWbE09_04@gmail.com'),(50502589,'JGdyq5_37@gmail.com'),(50814129,'NLyc3Q_65@gmail.com'),(51083387,'CTsJhB_68@gmail.com'),(51820725,'NGwTs7_99@gmail.com'),(52297498,'NCe8sH_20@gmail.com'),(52299836,'LEsV3P_41@gmail.com'),(52387675,'OHwAjV_98@gmail.com'),(52498419,'JZfI46_23@gmail.com'),(52599711,'KMb2jP_23@gmail.com'),(53015035,'EIcGhJ_99@gmail.com'),(53150147,'AHqdwE_43@gmail.com'),(53199262,'UIkua4_14@gmail.com'),(53209536,'GYuF27_06@gmail.com'),(54552283,'NCpRjS_29@gmail.com'),(54661731,'WCrD3D_08@gmail.com'),(55818230,'LAkt7A_71@gmail.com'),(55830117,'FJtu5G_21@gmail.com'),(55865401,'RAbAf8_96@gmail.com'),(56611229,'WPpHw2_71@gmail.com'),(57020821,'ITj74T_21@gmail.com'),(57771309,'KJpmw5_97@gmail.com'),(57948209,'IBp880_61@gmail.com'),(57957455,'SPwsi4_55@gmail.com'),(58025334,'XJyMu3_45@gmail.com'),(58686056,'KGxEkC_33@gmail.com'),(59213888,'TXyJv5_76@gmail.com'),(59830119,'WWd88V_27@gmail.com'),(59845433,'QInBkT_16@gmail.com'),(60725675,'IWyjrL_40@gmail.com'),(61600270,'EBqs1Q_03@gmail.com'),(62280500,'RVq17V_90@gmail.com'),(63201434,'OUe77W_44@gmail.com'),(63990087,'TGlW1P_20@gmail.com'),(64182977,'BViCaG_71@gmail.com'),(64298402,'PCkc9N_89@gmail.com'),(65260092,'ELo60N_64@gmail.com'),(65791809,'TIpuqI_94@gmail.com'),(66656109,'NHrr0E_43@gmail.com'),(67785096,'HNyw6U_33@gmail.com'),(68051121,'TSmgvG_26@gmail.com'),(68566771,'RLgniE_11@gmail.com'),(69631210,'TQvsn5_60@gmail.com'),(69771693,'YFqxb3_18@gmail.com'),(70624591,'CPwopB_68@gmail.com'),(70974454,'TEo9f8_59@gmail.com'),(71353027,'DIbzq9_06@gmail.com'),(72135543,'CErwsG_10@gmail.com'),(72243781,'SWnkvQ_33@gmail.com'),(72648511,'HPnTsB_20@gmail.com'),(72874248,'RExihW_79@gmail.com'),(72966582,'LDslqO_42@gmail.com'),(73095468,'YFhZ11_27@gmail.com'),(74027397,'XPcnyQ_50@gmail.com'),(74457163,'ZDnjfS_30@gmail.com'),(75954461,'OIapzB_33@gmail.com'),(75982824,'GViOjD_92@gmail.com'),(76138794,'XRlQoO_44@gmail.com'),(76573765,'CMbGd4_68@gmail.com'),(76583594,'NMcIrV_87@gmail.com'),(76789990,'EKpgp9_04@gmail.com'),(77837341,'FPgEw7_88@gmail.com'),(78706116,'LCsoiI_38@gmail.com'),(78846759,'NLwVl5_74@gmail.com'),(78977262,'VCkKtL_60@gmail.com'),(79210900,'KEph86_79@gmail.com'),(79224267,'GLtOwM_12@gmail.com'),(79868229,'QZlbi4_89@gmail.com'),(80977022,'PEiPwW_00@gmail.com'),(81696519,'JKo4iG_93@gmail.com'),(81725319,'NGdivP_66@gmail.com'),(81984019,'OOq4g1_26@gmail.com'),(82915835,'ADkQ6Z_20@gmail.com'),(83607894,'KGsE1L_59@gmail.com'),(83805463,'QWnZ14_17@gmail.com'),(84416396,'WMth2V_74@gmail.com'),(84423447,'AWzwz5_61@gmail.com'),(86128017,'ODkIuW_58@gmail.com'),(86222062,'JPe2h4_28@gmail.com'),(86273810,'UOaY8R_69@gmail.com'),(86910969,'NRxr2O_43@gmail.com'),(88133819,'RTfO5S_77@gmail.com'),(89275148,'EJnKjK_72@gmail.com'),(89460128,'JDvK23_45@gmail.com'),(90647437,'YQrzmK_62@gmail.com'),(90796467,'OWdCg2_53@gmail.com'),(92147056,'UJcXo6_02@gmail.com'),(92362652,'IMeDnL_23@gmail.com'),(92385609,'OHtX7F_28@gmail.com'),(92571847,'HYpkrN_01@gmail.com'),(93206866,'GJzzxI_51@gmail.com'),(94144858,'VThPc5_61@gmail.com'),(94201685,'SNs9dW_81@gmail.com'),(94493135,'WBaFr2_98@gmail.com'),(94498251,'QPlezJ_63@gmail.com'),(96181856,'ASdbzH_07@gmail.com'),(96394157,'UVh9kL_73@gmail.com'),(97082250,'AOegcC_36@gmail.com'),(97125096,'DDzxaH_56@gmail.com'),(97508122,'QBkV30_71@gmail.com'),(97693775,'EIeGtA_35@gmail.com'),(98486221,'UCsWnJ_49@gmail.com'),(99394970,'UFhL7R_08@gmail.com'),(99852495,'GLwhm6_88@gmail.com'),(99971045,'UUmauW_92@gmail.com');

-- task 4 create some instance of order for some users 
INSERT INTO `Order` VALUES (1,9124989,'2022-09-29 13:53:40','d1231',NULL,1),(2,91249909,'2022-09-29 13:58:44','d1221',NULL,1),
(3,91249919,'2022-09-29 13:58:48','d1881',NULL,1),
(4,91249929,'2022-09-29 13:58:56','d1231',NULL,1),(5,35684635,'2022-08-09 07:40:41','0v8ochd8jcda90he4zno3c7idjth1fx8k5ce4k8urtcwyjbqyrtkbr1zmvamq7gw','5_tracking',1),(6,72648511,'2022-09-21 07:33:22','atomx9ylxty2lqi1dffxzjixhsbh7atkmvkqjjrutc9zot2txpsihotuh2q4lwrw','6_tracking',1),(7,14791222,'2022-07-03 20:21:35','bsjws1fe0eekv9kg1j13niv511ykx4snjzhvih87jhqkn40a8hht1zkjf8cegs5a','7_tracking',1),(8,93206866,'2022-08-20 13:05:57','h0eoysikhc9zi47plpzic9u037fcmx8zwdu536tu166wynnw316ni76iordharh6','8_tracking',1),(9,68051121,'2022-08-22 04:58:13','merqbmhtff9ihrd8x0nu9h1ano7r78zmy86fpdu1n01aaztoaf5ga4wu3lks38yv','9_tracking',0),(10,57771309,'2022-07-09 13:03:38','y4txv77nn660wove8ywv1vrrn34y4vlwdgnv5lq9q57ogi0j3tx89njayuzoq5oa','10_trackin',1),(11,14363317,'2022-09-20 21:16:14','6hqqnp5qujwgfu0w8fzkv3yx6pz20fp7r80339wka7d79qkvoy6xxk7iyecg7sk2','11_trackin',0),(12,34792879,'2022-07-02 17:16:26','h0nstxdj1l8449r1saw3p7h5yzw8j6evjchvamfqa4w2luepi4qoiuhoc77ddain','12_trackin',2),(13,78846759,'2022-07-04 05:53:35','ta0wldio36ipliv31q9aaxz0bbla6ymo8jwi93js1a4njr4pmjmgko7gdx13rqzu','13_trackin',2),(14,12052852,'2022-09-14 19:02:44','hixct2ek0w107104jsybempr3szvmqocoyckykxdhr3u3ypx4k22kiehj513uv3s','14_trackin',1),(15,69771693,'2022-09-11 01:18:56','tkuq0aqjo2ba1jiqwq9les544u8fvsqefsxx6vxh62409pn0jwvwzkufcl7pxxcw','15_trackin',0),(16,90647437,'2022-07-31 19:34:22','ub9jyavg5lyxo6qz3cqyjwdg35otajowwmi4lqk5dudpkvset0hqekokyskm9l66','16_trackin',1),(17,81696519,'2022-07-15 05:51:13','wgmn8adimz9haji9akzqyr1xnp8q0mxw5bwuw1ail433lpk7cn09fnvfnfqx8cdr','17_trackin',1),(18,12106948,'2022-08-24 23:52:12','3onsqzxki22kluin392yuprrit1bbv0xxtq0xbf444dvqcx5yx4iu980ex7w11u6','18_trackin',0),(19,28305748,'2022-08-13 22:01:59','31epf8vx3jqjc5mc7bg4sg6bgw3j26cagsju7f2wtuzmmbko7wawdyapjdf4kza9','19_trackin',2),(20,76573765,'2022-09-16 17:00:11','uezxf6erzb632qek2wuoesabcsza6yrt1r7wbg5cswnii0ysg9lgbta1zy44e163','20_trackin',1),(21,68566771,'2022-08-29 04:57:11','bovqyyd3oexbq0yenxl475hkdc3qur5u5a6k8tk7q605lxn601eegier9v5b2o1v','21_trackin',1),(22,70974454,'2022-07-18 19:24:10','nqh9t19ju3jcii7i6vyk3so00m7vp0gcslfp8vk217zlu946x6vaz83c8wky132p','22_trackin',0),(23,13355021,'2022-07-27 23:05:17','x4bet8qqo30i47brmuqd7i4kxttnhzvfgetaxhtvb2p5psca31h36lnm1y3cjjql','23_trackin',1),(24,28829983,'2022-08-23 05:40:45','zwr7ywzyoejywnyy7qfqk8xwhn6jq6h55y8d8rkiz36iswqm9h5t85q1ubto0jcb','24_trackin',1),(25,42372969,'2022-07-25 07:40:39','mnn03bphu3rldoidvbrkoyy9zhr2nats6zyptb4q53yaly4eyg87qn9i6v9gm7ta','25_trackin',0),(26,6811981,'2022-09-15 06:13:50','i4gq97ftiyzlp4ai0f4yac018j4m5cwurg1er05zl9e5st63zt4a8xq972jawuyt','26_trackin',2),(27,45112780,'2022-09-26 15:17:07','b3g0173uqut3iwlhsbub9rnl06on8ennzvpw9x1a9ta69ivsvdj9q8p1zjj9v7aj','27_trackin',2),(28,16019160,'2022-08-02 09:23:47','8j3h7yze1my7xg4rxyesh86ld3s5yt4aulesqymlskjsgr3dw244rondvpwbe07i','28_trackin',2),(29,26082780,'2022-09-17 19:03:36','dge4j4q8i0fjo1y0encq0zzvceadlxsspm3utm2fhg3m7dubykswd51tq7ha3m1s','29_trackin',1),(30,99852495,'2022-08-09 04:49:19','vpb8brpi59r42cwe5m0f3hthsjvhz4tmnyj39hq7ms9okdqffk389rudjtzdwa04','30_trackin',0),(31,81725319,'2022-07-15 17:39:48','99c1firi61tu869or6ohp5b8htqwimks8pmtkgwvry4de0yrq5yviuhg0e22zyfm','31_trackin',0),(32,71353027,'2022-09-02 14:16:37','1b2o87k9mo7pazgbzr9jxx5m55s5al7ltooiil6k9i6n7h3tfmj4i56182oag2bz','32_trackin',0),(33,10494445,'2022-08-19 02:21:25','dggnjqmzbd2a3043i1c1fycx9iz8oeqpfkz9oiwkjtm1uw98sz88l6eg7j73zdsb','33_trackin',0),(34,58686056,'2022-07-06 14:35:49','jpvgp5vxcd1379r5i9q30kiqbiy192n9yrrcqh76t132v3r5ccb3xin5r9g5qc6c','34_trackin',1),(35,67785096,'2022-08-23 23:09:47','j2593t1x3kydalzgz0rw2epjcgd16cm75zvok8a5ynzleumf3ptfxhb7owr58jx8','35_trackin',0),(36,7808937,'2022-09-23 07:09:34','ei01tt2grrxfaw5omd0de1anajth9q74wdu3lxiagkj5pqnyxx3jmr1srwvsdpfd','36_trackin',0),(37,1143522,'2022-07-07 18:00:31','90pydgjb01mgnxhsi1uo55gfckp2pv2wi0niw96d9kv8j5b0o8hwwko8icrzcynd','37_trackin',0),(38,41912751,'2022-07-30 18:31:11','9jlsp2wnozdyhybcostqe6ru8bvlxx9t8vlb9r4htyqoudxnfquq631swe4mb9we','38_trackin',2),(39,89275148,'2022-08-24 12:49:41','v5n1ibc4a1uvo3ysxh9fjt2z4bhucrnh3jynewtupkse5xlrnejuzrsjhslxjc3e','39_trackin',1),(40,76789990,'2022-08-13 03:30:55','kp57hy4u83gsnc273lud9ni5oxeauhlcy56yysn5gp2kbt3mz1ux9ezr0ucneeuf','40_trackin',2),(41,97082250,'2022-09-12 23:25:30','i916gn0i0qoaxihpfpxu14otmztylp3tko94nbrts8yqiw72zow2ad1wguc739ud','41_trackin',1),(42,78706116,'2022-08-20 06:33:42','m3qve9d7wtt3zlpndzdb9fbqt083e4tnargnv3xu9vkzu9ti2iybiamv2hhvrub4','42_trackin',1),(43,34280328,'2022-09-26 18:01:47','3eriyhi5rmrotebo3sbx5h84w0x4r24fpy1vqpxhzfrdme3femmbtby3f9a60qq2','43_trackin',1),(44,97693775,'2022-08-18 11:29:17','f047iz5qawb7un6a6bzyoa11tlckhxuczcy2njdnpai0ul7epg9hqvgkkpdl82ff','44_trackin',1),(45,3561928,'2022-09-17 13:13:19','2kyd01wtlmuqs550r3c0kz436iifv1plkx02b0j1e9w1jqy6x13ca12ecs3lx85s','45_trackin',1),(46,8224387,'2022-07-09 21:16:00','nlogthb80dcwc3w5d6ii5wx1bf81a02h3xi83y2u6rlrnvzpbu1qpjqhzdvm7yz3','46_trackin',0),(47,74457163,'2022-08-08 08:28:24','w621uzooey8zj804ptdqsntik05lojbadaqyc1wbkor2ha0iri341ack9aytrys7','47_trackin',2),(48,55865401,'2022-09-21 04:45:54','ddmw1koqzd1sr6c8glhgcmdj539w8542zp7glzzc0sdv2iqmtouip5a66nt2he8c','48_trackin',0),(49,81984019,'2022-08-27 23:58:59','viocr7pss6l2sj0qfmkvule87vfzvdnv84j4hz5gqfc1u501dtxbvroon8w9jba5','49_trackin',2),(50,76583594,'2022-09-07 16:30:45','nnniezdb0p4xphu9tnf9hx3wr2rwjdcgtzx8bhorbujlpwt677acyxser344mpdm','50_trackin',1),(51,56611229,'2022-07-18 11:07:57','1hdedlff63wxb58rfufdupimukaf8tdjw4md92qykhkq1z265slmejqs1eum7e3y','51_trackin',2),(52,70624591,'2022-09-03 16:07:29','y4h11rlbgpv08rvorglh1y7i7s912n4iotaph9e217a8ygjrd2mxxqsw3st9ze7s','52_trackin',1),(53,50502589,'2022-08-05 04:31:36','7rgicpiv58vaqdybhjswnz3yamvkyd01f33clkqg3chfy73naqg0g2byfq9ja2w8','53_trackin',2),(54,42625459,'2022-07-03 09:46:45','ny7d1ivy2393g11c3kwmjy8z73sksgtp8kialfxp3g8pibj2ejd0ecvdao8oe397','54_trackin',0),(55,78977262,'2022-09-25 19:52:16','etk169ip6krxh4x0niaa97n4rvi6z7v7oed049y9eqy7x8oe1wkhj7rd1qilt0t7','55_trackin',1),(56,92385609,'2022-08-24 10:11:10','l4j4q0o75o4cfbgnpazhy87cmmntwme4okwvpp0m3wkq8198o24itdtryxj8kk4a','56_trackin',0),(57,7141150,'2022-09-06 14:47:16','xqmh6ae3d5wjermwsl2o9fme7fpm3mt8grjwweasf4z3xkiyb9vbmddztc5dtwb6','57_trackin',1),(58,83607894,'2022-08-24 20:03:34','h00l2hbq9sqbsbpgmiogxs5q00jsykakhfkq9a18pzaj1opd3yb9n423ra587k5p','58_trackin',1),(59,54661731,'2022-07-27 02:56:10','kj9kqkfsno89ecklb7snumdiymaw5t1p9lc9voex1tg6fkcofq968poqqt7ixd4b','59_trackin',2),(60,96181856,'2022-08-11 22:45:24','sqy997tfb1x4suqqh0akusqgozhizqplni4vfr3ousbma30px50lrei0puesrspu','60_trackin',0),(61,74027397,'2022-08-13 06:14:00','hw5a1eudfbwruwb77ll0s8aj7jgtalceja2jspveo4cud3ghvruefalx4euoajhq','61_trackin',2),(62,20429269,'2022-09-11 03:37:32','gzi58fq9eqqv8t0kqtrfnr8lwyhyjlnf7pc9xoocuzyack1e1xpz87fnlpzb2zvu','62_trackin',0),(63,26750937,'2022-09-05 05:01:44','fig3yvmrmxupympx7y599tmqkeeggo9jknc677xxqv21x1gb5odsm6bdqbu3a4av','63_trackin',1),(64,79868229,'2022-08-27 09:31:59','so4as9lpdjr2hm33uirm7bk4ulrdjuxfzan6ejd5t8argtq9g81cylsuv87ugxdr','64_trackin',2),(65,31802435,'2022-07-16 05:43:30','7x98u8ppi3fmmanmpirkcudc3o4n45v8odys6zajifcnj07n3ecihzgj053ntyu1','65_trackin',0),(66,92362652,'2022-07-29 13:57:02','2l56u929nbnprvjcoc7wdzi0w98qi3j6ul3ovle2v46q4f6imrarleliv4n3ofg2','66_trackin',0),(67,86222062,'2022-09-28 02:33:06','fhsxoz3p7lch9yzp1g8vzoy2516diik56ev4zsb1tjwnqafji9eo27vsepp8t9n9','67_trackin',0),(68,22047880,'2022-09-05 07:41:38','0j35yy8bg5czvw1m1dtya85k9jyacqgeiaslxcu6zx4mlvblcs1qghaga4q1sg3i','68_trackin',2),(69,62280500,'2022-07-12 03:26:24','9itdhjpi4653f1jt54cjbe7wuukedjvkvhhwuzh3mz8ivweeyl4ehtustyuh3tc4','69_trackin',1),(70,18893275,'2022-07-24 11:42:01','hoyuizczn4b1z3x5nukigyr1e72gi6xh4ows2i2xn6hdk7uejhuxd7pl0o0rocxn','70_trackin',0),(71,802378,'2022-09-23 09:00:56','jcysmdcrwicyydqlni8zbwj6afpvj83hnpsbt8frbyndqn2h2yqxch6n26q40wgi','71_trackin',0),(72,15251880,'2022-07-05 11:35:36','8s6vpk71iysfv87cy27vd5cxxl31gzs0vzax7j7zdj6e8uvosg8hbcsov0j8d2xc','72_trackin',0),(73,24319405,'2022-08-26 09:57:03','0gnuqzpvjubavbvusuiegk8gkls27ytgp4rpw9xkapbjfw8fyzp0c00tci0pki8q','73_trackin',2),(74,34768587,'2022-07-27 08:39:32','c66f1giby30e5jzg0ldx478xm8shwkea8x7uocvhvddxprdb71bbg7wrntgt5szp','74_trackin',1),(75,86910969,'2022-07-03 20:53:36','xbtid4flg7n40llqmp7ewsk3owhmda6zlwjwo34ab5g1v641euct79vq256pu4m0','75_trackin',2),(76,41958683,'2022-08-11 01:13:55','tnw3w1rrgu8pw8l9n5u2r69t09lnijd61o95qzy63iet5ev662wczf0jxmleqd1g','76_trackin',1),(77,6484092,'2022-08-20 09:53:40','e4tz5do72chz1616dg9v6qcsdsfehpzd213rrhy3bjqf0u8weugogcbatdrjbwyj','77_trackin',0),(78,53199262,'2022-07-23 08:47:57','9hhpu6weq8wfo3ogy2drln9sldu568qa559mtpwbi8cgrivz8hytmn68ef95jd1c','78_trackin',0),(79,72874248,'2022-08-31 02:51:39','38rny344252tvwzd40cu4u3nz1cn6a2rr040ph1v27rfgudwznyesooxubak3pvw','79_trackin',1),(80,8324644,'2022-08-20 03:40:07','3clt02izmeuiaw5vszw35auspk48lwmry4uyryoji10k1342ebbsz70wmlwp7fle','80_trackin',1),(81,64298402,'2022-08-26 01:04:25','6yzng7buommk11vtj5wey4av16y2aslzvi6rlj4iqb06dkib3eoexbprmn6owkgw','81_trackin',0),(82,50259468,'2022-07-20 22:41:56','c6ml8kwck6lxhfl3adax989xwshoe3evdxqq7tu0w7catihupnuq8vgd37pr3w45','82_trackin',0),(83,2597029,'2022-08-16 14:41:36','uynx7xhayq3eb15iu4d9a4xar4y5yn2au26v9h84dym0dl9xqdj36gd4lvy4mz3q','83_trackin',0),(84,86128017,'2022-07-28 16:54:55','a8f6vnawibuqq70no9bu4ouxzqhndwixbnq4aeooninl7i0vc6dfasmevyirmhrs','84_trackin',2),(85,50814129,'2022-07-03 23:57:57','tdd366202pfhf5pf1l3a639g5c46cyjtq3rfv8zj0klq8124zzol8egc72qpeyuz','85_trackin',1),(86,45666495,'2022-09-18 15:39:28','ic4oe0ti1xv4o9yrkxlmo76wdvy33in9e9mmdbxns9q1guvftxo331zjfyp9phi7','86_trackin',2),(87,5469181,'2022-08-16 13:02:14','myvaf4nebys511vhgjk7j4vaaxi4yj80o0ibpp3d9deychjlzxielgxd99le37a7','87_trackin',0),(88,21427123,'2022-07-04 22:01:36','hxc9nq02uatewlp68g2q2kh47ooxa49sb2go6olxebnjleuqcqlb2j8c8280obqy','88_trackin',2),(89,94498251,'2022-08-30 13:52:10','a8m2wfiqrpeax9o86vbkwd6mbx6dmt4of5pfpj1z7v1wqs7oma7iauc7ekjy8xsd','89_trackin',2),(90,43492650,'2022-09-14 18:30:20','5vg8xo56qg6hyryek41d1l7lbhtojmbiypt875s7zihd6gn1fhknaguua2s77c44','90_trackin',2),(91,10217203,'2022-08-09 15:11:30','yp6xw7se7itksgrbi0r8g9xsssov7zwy8m0p7w46rshjws5aqpeu2h5u7280qdoa','91_trackin',0),(92,97508122,'2022-09-06 00:14:33','jbtsoix6ysmny3bx2ijq5qy94d8tre3wiyujfapbj11x4ri35gcpbnkneqiw9p61','92_trackin',1),(93,26720239,'2022-08-01 21:14:46','f5drtgh9t27fdxtj31fczcboea8q14lidq7rxnmxt7efwb9jq31uqf9uqk65e893','93_trackin',2),(94,52599711,'2022-08-24 03:43:09','x3vpbavrq829cdqgj4vqjxhdgosqfv2docxhy4g4jz70o9h3801mkh8ccksulsot','94_trackin',1),(95,55830117,'2022-07-07 17:55:04','rkj2rtjtxx8h8buh3boa5i0i8yg1ldc2ttkxgcv59d1jquct64ciqnkba4rox5o2','95_trackin',2),(96,44173205,'2022-07-24 16:08:52','7kyz9ids75ptqan67r22ldp47mg659dr3j0b9ud6r3d22j7u1cub0gmrznfzdgy4','96_trackin',0),(97,13873909,'2022-07-31 19:26:36','5xhwop8yq7wgavj44zsot189a2ldzonz7kxqbcv6356p84jouuyqlzziucvhlu35','97_trackin',1),(98,72135543,'2022-09-04 17:32:29','of736oez7pslwplc6pa68jk59ydiel68b8k0wku61vx9z3hwl0bb7dqnw47wqbyq','98_trackin',2),(99,27877026,'2022-07-09 14:21:18','myorctu4u2yxovppbbstj7xe1pririlw87f8cuib4hutj4ou05mrpkahtd5gnnmy','99_trackin',2),(100,65260092,'2022-08-31 20:08:00','otlxo7a7kwltfd0r59l18av9wmfgtlyuvl1k48m7jih6a950s7q9drgvfrh4lox9','100_tracki',1),(101,59830119,'2022-09-16 17:09:04','nid5g5mcnk2aa6xh3as6cbt438rdu8k4owysky19w2uo2tmkehj7d84rmka82c6y','101_tracki',1),(102,82915835,'2022-07-11 02:29:13','cxjsbixiqnmgou2jxyc2sfg6irl23u27o480aaqiidk27pbc4cpuc6abbphln3we','102_tracki',0),(103,73095468,'2022-07-20 04:16:39','b80iw1l8vav2ut1whbuae8dqx0kvebgeylwmzhzn1j1u4krghjq1qqit0trkw4yg','103_tracki',1),(104,39996611,'2022-08-16 21:02:04','3w7x5888i9bjvf7dt7kntckrk2pllvef111k5fgecjwvh153e9hl5sdrem2czdmu','104_tracki',1),(105,53150147,'2022-09-05 03:24:59','c2wtmhd7zpcaiqs9navw21db5vf55wwuchubykd5quxt7d0ixmps39wlonzte2fb','105_tracki',1),(106,57020821,'2022-08-19 02:03:40','yi0orfid7z9rutgxth2jflyxzxcnorjsk4ny347ie79wfb3lqa1353zqw6o8m4df','106_tracki',0),(107,46553867,'2022-08-30 18:55:19','qcjvty94kwjsortsob6wq94dhikwplaz1amrzn2odlnt1wcx8cur50wolpn90ujt','107_tracki',1),(108,80977022,'2022-07-23 18:40:58','d9c1ydkeos151enr2h2kq3hqmdp9xi45964nwu6s4ngh1ahh2dbeaase9nyemuz0','108_tracki',0),(109,53015035,'2022-09-26 03:49:34','dz0sqzl8w6yheoavaucmvmzsq3t1oevrd2lzp261k8mxslxrzmgcr90gm2l6152u','109_tracki',0),(110,79210900,'2022-07-28 13:56:07','t9gzq16masj2axzo6rjhv5qjuogkqlz1indfo371ev0p570sbo65nyyyd9p6rfve','110_tracki',0),(111,15733255,'2022-09-11 00:28:06','ovhrx12h3oesbq6a7gggqewhmscmwypfbotszt6cvpe4awclncbsx9vepxdawqxp','111_tracki',0),(112,651352,'2022-07-18 07:46:36','8g5uw791bcxo3zz2m21q529287pjht53p5akpdyjt1ttba5llwy1u0jnlgirsyw5','112_tracki',0),(113,27870986,'2022-09-26 07:30:49','i7yzui34tb4jc3wuz5ebcghu12m2jkytys0u7604ozpu6lgwj430738js613kdj8','113_tracki',1),(114,72243781,'2022-07-24 07:07:55','syhvahtmar4bmg7mw71ptp5b6hhztj8pgw3ejygg9cug0v48l9ae2zu09f3yfppz','114_tracki',2),(115,75954461,'2022-09-10 08:42:51','m6r93sh5obv38bfkoi3xf3t76zxni8wgrnfmdhlpydowot9f7nl26x61o47w8ydo','115_tracki',2),(116,52498419,'2022-07-22 08:36:18','p4dzl9flkltgi6awd6ybfvk6b7315cvqk6mvt9bgecr1elxt9fbd7j92x7sssxc1','116_tracki',1),(117,94493135,'2022-08-19 22:29:49','p6uiy3i4jxzinpwjv44ckk38b9jvm5ygsm7wxdmybbpu4q1i3gr8hhk992bhqi40','117_tracki',1),(118,6625903,'2022-09-19 21:36:59','xcb229jvpulydpbhdb5mo85hvhu3pyvz6kcwfx48m4o73d8utlqyu5gvbh4v569b','118_tracki',1),(119,59845433,'2022-08-07 21:05:40','ssez761nkrk1i4os3f02r657sg3byhw1mc655pwggvifh241hfe4pd9p20p25fyt','119_tracki',0),(120,79224267,'2022-08-18 14:56:19','4zqe0z4ql8z0ols5l3i2ytsnvqjd47ikt54izyzq2cwdjq5oan2nm34crz4j2fcn','120_tracki',2),(121,52387675,'2022-08-23 05:21:32','0xys0o1ddije9oekem1gztj0xhv7dwz0w1omhxbzwjm2jkapoltt2l88cg7as87b','121_tracki',2),(122,57948209,'2022-08-18 06:16:10','gy56zkhxwa9r483xa1dd3c5u0t9r9vedsncryjh3dtw4ui6v7097jlr7z4saed8a','122_tracki',1),(123,58025334,'2022-07-08 20:40:37','orv3ze2sv6u7ob1lci62k0mkf642huqvlk86upz1fo2g33pravoxbvky52fahlso','123_tracki',2),(124,20614037,'2022-07-18 16:50:17','zag4np742hgwaq91sjxd1vm4sheq6r5l95hvz5uvgo1rvhi20apv7t86sgw8gbhn','124_tracki',1),(125,51083387,'2022-08-05 01:07:43','qigqxdxuobsfcauwaj06dkxzv9mywr4epwf2fljn3pwdkh1fx20kr7ccw0txjasx','125_tracki',1),(126,11379730,'2022-07-03 17:23:17','mmcmuumndkdxl42sghgsq4ab6k951jps5vhejp44yp9swy3453sglk7oy4b2wnrp','126_tracki',1),(127,86273810,'2022-07-14 20:01:40','ry61x47oyi6njcrlpbmk5b9d5lc3xqs36oz0n2ne6ei404wa28n0falh5urlmk1x','127_tracki',0),(128,84416396,'2022-08-24 07:42:27','g5oqwycvd4bf1jwxmz5xy59hvyqqd1xqpjhb7wiim5pt1ulyc22y0um05cguzlqi','128_tracki',0),(129,2824364,'2022-09-04 06:46:40','dppr2l9wmg2ygjobgdferyoili0jt0qtp4wi6k0w2w783jhx35rqkud5cf2cij79','129_tracki',2),(130,54552283,'2022-07-10 10:51:36','mxvw9plze2b253n02qmh8te5rwodedqwuf5x7uxujoa7edrtheanvgqgwvhoz5jz','130_tracki',1),(131,77837341,'2022-08-01 12:07:45','j6okh2hvpgi1r2g0fgpgqcq9thjwd734h8jown5n5davpdean0fec1tr4dbb5z0s','131_tracki',1),(132,9686808,'2022-07-11 09:48:03','1fp5ihlqqduf755qolinj2lua7zwcp6jz6wtqid6k07tlj8nr7m73151xk63wo97','132_tracki',2),(133,48799965,'2022-08-28 10:15:58','998jq4w5bj3cm8m0a61hnxaf1ng47c3v9bczq0dn2orgsagby8vkhj3tt0j5kaw5','133_tracki',0),(134,27267138,'2022-09-22 18:29:00','j1fx2oy1b66mzzuo1ipgaayg507k6hg5s42llg7v1iwndq3gpvxokciq6qx8yka3','134_tracki',1),(135,83805463,'2022-09-12 11:09:55','4s3oxmzf1mk3vv1p9cxub5oys5pgsx2rq7ppqm25mr1xlihr3387dldt2btsqgn7','135_tracki',0),(136,13523001,'2022-08-22 18:54:44','1idqovn6zdl05cxzjl1ni6ejk7qryduy5p7iv5jq46ic1bl5tumbniikij2004ab','136_tracki',1),(137,98486221,'2022-09-06 11:19:33','xo4lxvmoz5nxe726e7vgqo7ozzm7p4i40rt27m855o3hms0n4osgm2whrxi3do5o','137_tracki',1),(138,94144858,'2022-09-03 19:08:20','3m92fwnw2jvirhn9e7ka9amg0a1w6ilzakfem4lre7m4eoc1s6el1r88bup60zmo','138_tracki',0),(139,63990087,'2022-08-18 09:33:07','3nx7sd80oso37sx4jqlr5op9miy4udt8q2k3a10q2biz3zcxkp2idu4pt5yitymz','139_tracki',2),(140,92147056,'2022-08-20 01:31:35','d8qlgktmhpg9hvynmdbqcq0wvfn9nqk8xbut7wfpxa56gk5i1i82k5u8q3vw17d0','140_tracki',1),(141,14869282,'2022-07-31 01:43:32','lo4g0bv71wlg9epyk406fbk9umuuj66ydxsx4xremebz58smxl3zv5u65eko9wql','141_tracki',0),(142,42850604,'2022-08-29 16:21:40','h6yjlh3poyhu0cae62q4z8cxrca43sx29yevyiq8yw44movk3tnhuahsak0jeg1n','142_tracki',0),(143,29748891,'2022-09-02 04:29:57','kekeumurektcbmd87g5mra7nopy2orgo8qpds58i7tq6zfgmop01h976aqpnumzm','143_tracki',0),(144,92571847,'2022-08-31 16:23:36','gwed8b79l2c4on69l8epdlij5yfs9cvh7hh79azi8sypcech0rzmoeuagbrrttz4','144_tracki',2),(145,65791809,'2022-07-18 18:55:49','jh0momvasepud6ncyuyjb9ogqb4zni8p7vma4i5wn4rbvmo50ay8jqkn0ctgiwtw','145_tracki',0),(146,88133819,'2022-09-19 03:43:33','2g203adgyfsxch5zrijtlbi93934wqsn3m4l8b29bpaztbaug1geuaok1ar871qw','146_tracki',2),(147,39948150,'2022-09-30 16:06:02','gfnolqwoir83ikct14r842jrzp5qjlcnglq42ot5y9rhj3wj7oz1t9812f9qofza','147_tracki',2),(148,30364603,'2022-09-06 22:08:16','l8vphp967wl8onew0s60q58aeq9xfsbptggs2bugjag056preamwackl5qmav6m0','148_tracki',2),(149,52297498,'2022-07-07 17:14:19','xsc5mhd9cgyybseo0e0ckidxo9inddpdu9hqxxqu2f03upd7kzoojfkr0n48hlyx','149_tracki',0),(150,20681450,'2022-09-18 08:42:57','5aa07u8fqgvf983k65767uf63r9ruua91ofnmgn08givt1bq4hp5660hjlpuuqzj','150_tracki',2),(151,23882559,'2022-09-29 12:05:16','sgidj6fhg6eoate6nkob2bqyu5dr6vvtxcsrbaqtfrwzlpb9trolb1w9hzoagzzx','151_tracki',1),(152,99971045,'2022-08-26 03:48:57','9krhpyrlyg4rhevt4guir9u38eae37bqk5tdv6jk6rd65l566wuai7caiepdlt3u','152_tracki',1),(153,7516286,'2022-09-30 11:09:39','kqcy2j8qds7g18hzzjod7iqszwza8s9nbtpsz05l24q7ew341vd20f944g3b86rc','153_tracki',2),(154,19408810,'2022-09-26 09:23:07','r7n1sb86sd335fjv2xtzuauykidyakls80zu0i7ali2s068cdwjgcebibsc4ptzt','154_tracki',1),(155,23437139,'2022-07-29 00:25:02','3i7ju5xe4xdfqapro9jy125yiar8spf3k61naz8qokr47hmm8jw55t4f8ep8xkfo','155_tracki',1),(156,12987442,'2022-08-25 14:25:48','0wiyb5k6ruti5zad80omojxnnz013xgkp0lltdlqwdf9thb7i59oidi58qtwgtit','156_tracki',1),(157,30657316,'2022-08-23 05:01:40','i0jtgiacmtx10zvd50zl8aocvxb81re1uhd33tgcexyjsldny53xxnxsiw3ys691','157_tracki',1),(158,97125096,'2022-08-21 01:11:32','vy3n1elluvlrpwr6rijbinquvm5y5o831d0vix345zla10li4tn37fjsszj3yj89','158_tracki',1),(159,6567448,'2022-07-18 16:57:12','snwmbnjaq1cmf16hlkg556a1r0t086khpskp1z9ojeuyuzmoyu52qssh04puum32','159_tracki',1),(160,57957455,'2022-08-28 18:13:51','5lskp3jw103foualy8ogkp5fsrklugdvfrhi36oildnb7fcfe0iruie00hhmagkq','160_tracki',1),(161,60725675,'2022-09-04 20:28:36','j98z78uy2bn252mizyjnk70tr2pfu7cl5cdz3g3qukxy2qm2zrynbiwp0qh8t41g','161_tracki',2),(162,44710521,'2022-07-08 04:06:46','4wlbtetcinwyzp13h9y02hwzujqie9kfodj4xkh7dc6caqxdutvw0l7ev195lexy','162_tracki',0),(163,96394157,'2022-09-18 03:25:43','leosheww1dazxpy33rc0le63uqkbbn3atochryoavsow6lmsyga2w2fqj3qwmyn9','163_tracki',0),(164,76138794,'2022-09-28 10:14:10','hg1jvvbrnx87cv0oxo0bw0kzt4eyud2ul114vdvqr92vmw9hbva3n0kg6iwhi7li','164_tracki',2),(165,39403521,'2022-07-23 16:21:39','2aztsvpcq1ls484tyc9cvvsdn22vmsuf1wvn4owevwmpniayuz9lo2nsabxl2eho','165_tracki',2),(166,17252157,'2022-08-22 16:56:10','lx0oa7jrn4owls7zmcipbbcqjmkaog63a4300gx7y10spoa8bmx6twhzym5hm0u8','166_tracki',1),(167,14495962,'2022-08-26 15:17:09','mz91p3nzdx8u06cdkca5zf8sthqc4gbpqyly314508do7mpe5ly2ai1co2d43nn0','167_tracki',2),(168,32039232,'2022-07-22 12:04:57','z9km4xxcfmsbk4zgtdcpmicyxcvdd34g3xcljcbkuvii00lcdoficr40yatk7o6g','168_tracki',1),(169,39793483,'2022-07-16 04:19:14','t8zhv2231gbt2ctptuj9nht66por73b65kx812j55jbydkx52qpz6vgqep7j2x2v','169_tracki',2),(170,89460128,'2022-08-11 05:31:09','rc4f204y0uuzol14mm9yyo338eqhegzhl1knme6mn95cmps7wtmfo45jyjml73sb','170_tracki',2),(171,24770752,'2022-07-23 22:05:02','4txgw9vj0r4pvs26u2ryxru2onft4iixhfgyry1hyuyj6udk4zl46bosj9bfe55x','171_tracki',1),(172,51820725,'2022-09-26 10:07:48','0ul1rdohc4i2x53pvuwmxzoh4w0om8k09nogmq4jve0ibu1ogmpb676q74qlgkgi','172_tracki',0),(173,99394970,'2022-07-18 07:07:48','06sxxdyx7vqt6ofhvp3hgfoup3ra9zxugmxokvjcc50mnz8edhfh42cupllkhedc','173_tracki',2),(174,27661134,'2022-07-06 03:47:06','7xoj84nwpq1ssaiqobhs7qutvz5qsjnpylh7agxwirj08fm2h4kvng24pu3x0esw','174_tracki',1),(175,26073896,'2022-09-26 16:30:56','3c26i59604s2qmj8qdbi37pce0z1hsaleqy3k5yymyv5sycmddddnl6udrq15ugx','175_tracki',0),(176,72966582,'2022-07-26 18:58:02','adx8je7fi91o43p03xjdow8tzv7bx79rcrbjz16itkz0osp0kc6c8sm35b6uz0mq','176_tracki',0),(177,26832909,'2022-08-29 05:54:15','dr19o4ajwfn5azel5fjurz0aaoeclhdgdupqm124aydh8cmuhewluih8tls6swzc','177_tracki',0),(178,64182977,'2022-08-21 10:09:39','8xc3s9xf464gbt1uvczwv8h2bfph31mgmo9gxj96vn8zbc348wamhxiqa0t5i2v6','178_tracki',0),(179,90796467,'2022-09-01 18:55:38','lku1mvmrgs6v1q8ul7x2njc8ewaloonmzpfze58n9ew0uxa6thqsbaqnrilfrxas','179_tracki',1),(180,24496077,'2022-07-08 20:01:07','4k1x3sptfi1jewmkorh9c71b0xk6ay51zamobx76fxmid0j6ev1fk0bpg09vb1np','180_tracki',2),(181,84423447,'2022-09-03 10:28:17','csv8u29g0rfrrjz6vzg8sa13kiwbnd0r8h5lkdci55jj53y9a3zhx6vgoyja7zqn','181_tracki',1),(182,12206784,'2022-07-04 04:30:29','e4mfe9zb5x3wzt638y0w6y46nc3vsm5ahxb26qn3uric6s02qksuz8v7zzkm2hno','182_tracki',0),(183,55818230,'2022-09-28 16:32:08','dks8uagkliml0he364rz2be8gz046vzf0xj98dhngorkilf51bpbww3rbilaavmb','183_tracki',0),(184,27471052,'2022-07-16 08:07:19','1vvu8yb0019qwo6ib9j5o3xv838521344e2gc6u3dgxg358tszhot0almckv5o3z','184_tracki',2),(185,61600270,'2022-08-04 05:29:01','uovifnjfygs9h4m88n38cjdpl2incrrtv74uljlhl4ax2770f7w8prfiv52q8j7h','185_tracki',0),(186,786520,'2022-07-30 11:35:27','fr2grn6b1vtdfus3aauyvwrr76qc0xcd2zsb6oxvv2741zb2yqlb9ga82nhi7wih','186_tracki',1),(187,38635087,'2022-07-19 18:07:07','936q93473c3fdzx12pk1nvmdfxlrpu967hh4mrpqyzj8v7tvxpqv3y51kdb4zv5c','187_tracki',2),(188,5114067,'2022-08-22 15:51:27','28gkjhuar4g8274z5kapwoylcwbaae9eypai6qpdkkbjkpyhx9rdyhg4ew7n99yo','188_tracki',1),(189,69631210,'2022-09-15 05:33:30','melnl2pxuos5nfkq5ttetnnucbxn2or908t7r93ondwoye8jad86ysn22hhlwa45','189_tracki',2),(190,52299836,'2022-08-15 01:00:58','tz5xs06k52lwzrbv085jyxsqpsnzdu4gw04546t172aobhknhj3ae2wa6rj8mp0t','190_tracki',2),(191,31704751,'2022-09-19 10:06:01','lq8qv2jdga0ebk6r1mpcgj5gdzpctviqk28fht9lynlkfo2ym245wt4m9s7ma9ul','191_tracki',1),(192,19526706,'2022-09-15 22:55:21','7eiuimubrfhun0xx63nl65dvkg2z4n749doxvfed7cr16qgs9i7405sekz1lyajc','192_tracki',1),(193,39158508,'2022-09-25 06:47:31','vqfrqlg1vljsscbkrz73pbqht0yuw61gej4lyr1cn4cjchsnmw2yzfaebmivlp6c','193_tracki',0),(194,24754995,'2022-09-29 01:30:21','nfbxiro5q9h8eo57tenijk59rhs8n6abyoqgqmovn3imsrb1j2mk6jmftqft9ge9','194_tracki',2),(195,9037038,'2022-09-29 14:06:22','iirk40av1dtx4t338cad82yk9z4cxctgol90btafhlieqp5nbdx0bqscipi3i80k','195_tracki',2),(196,6366484,'2022-09-27 23:13:14','mxcjm5brjdxy4n0yjp6ton5uhkf169sr9mqm4d7hdwrgz9tnqnrhpw96jtxs9tx0','196_tracki',1),(197,66656109,'2022-07-12 13:01:03','sd9lqei8m9135u957w3yh35q1mytsnj8m45q4a9jzkojle0yqakmpx4ondwtv9m6','197_tracki',0),(198,94201685,'2022-07-23 08:40:15','fou5gfzbmscipwxdj6csvpy6clsa68bmhhfvr11mxo9ny43f9cyyhknld7ta4781','198_tracki',0),(199,18197166,'2022-09-01 11:06:54','7wyk7nou87gw1nsbm1m0pso9x7nwpcqsz5gyirza5tbihos0mlpa5lwo4zr1w151','199_tracki',1),(200,36052519,'2022-08-13 13:28:07','d3xx5i0ne6xch36k8mmvhkkvw3w4ryyzjk1pauyra5gexk5aph82czobjarljbvc','200_tracki',1),(201,59213888,'2022-07-26 08:56:01','vljto8gh8k092trqwcl5c20xhmjn560t38n0905ahp4z5ob6bo1ozl0sunoq3gdx','201_tracki',1),(202,63201434,'2022-09-13 20:47:25','z8kwpe3y0n1yasl027426ujvhmqsnwhbz6c7amq5mdvtojywaf3ppxdttxt5nr7i','202_tracki',2),(203,75982824,'2022-09-06 17:31:30','h19tqkbw19tsqqrzlh0ea06qkx5ugjx57v5x5ltmbaxbw5yvmco5gdcz69ah0kxs','203_tracki',2),(204,53209536,'2022-07-03 08:27:55','c2ac6crrgwaszyi7hsndd53hsr2tpllkmo64wmgbr6d4i0wph08errqai9q0mb0r','204_tracki',0);

INSERT INTO `Added` VALUES (1,1,2,9000),(1,2,2,9000),(1,3,2,12600),(6,109,1,1911),(6,114,1,1567),(7,135,1,4972),(7,141,1,6366),(8,25,1,5050),(8,32,1,4763),(9,95,1,3012),(9,103,1,1342),(10,44,1,3767),(10,53,1,5023),(11,180,1,2119),(11,190,1,5684),(12,145,1,4550),(12,156,1,2991),(13,177,1,7574),(13,189,1,4871),(14,3,1,6671),(14,16,1,3175),(15,165,1,4340),(15,179,1,5885),(16,147,1,5727),(16,162,1,6387),(17,29,1,1844),(17,45,1,1511),(18,86,1,2834),(18,103,1,1342),(19,50,1,6108),(19,68,1,2489),(20,112,1,6111),(20,131,1,7163),(21,51,1,1663),(21,71,1,3646),(22,7,1,6059),(22,28,1,1576),(23,106,1,1796),(23,128,1,6092),(24,47,1,7652),(24,70,1,6694),(25,7,1,6059),(25,183,1,5758),(26,33,1,4332),(26,58,1,5022),(27,151,1,6155),(27,177,1,7574),(28,65,1,1889),(28,92,1,4192),(29,37,1,5646),(29,65,1,1889),(30,139,1,1878),(30,168,1,2357),(31,50,1,6108),(31,80,1,5367),(32,134,1,5032),(32,165,1,4340),(33,161,1,5123),(33,193,1,7245),(34,164,1,2450),(34,197,1,6423),(35,3,1,6671),(35,37,1,5646),(36,163,1,3548),(36,198,1,5983),(37,83,1,4945),(37,119,1,3172),(38,15,1,3833),(38,178,1,2247),(39,50,1,6108),(39,88,1,3271),(40,22,1,4986),(40,183,1,5758),(41,25,1,5050),(41,185,1,4617),(42,53,1,5023),(42,94,1,3524),(43,104,1,1810),(43,146,1,8660),(44,29,1,1844),(44,72,1,948),(45,53,1,5023),(45,97,1,5243),(46,44,1,3767),(46,89,1,6727),(47,110,1,4468),(47,156,1,2991),(48,78,1,989),(48,125,1,2436),(49,5,1,1652),(49,53,1,5023),(50,47,1,7652),(50,96,1,1054),(51,74,1,4236),(51,124,1,2814),(52,84,1,5033),(52,135,1,4972),(53,40,1,3804),(53,188,1,5778),(54,48,1,3611),(54,195,1,4385),(55,64,1,8425),(55,118,1,5561),(56,31,1,2467),(56,176,1,8545),(57,100,1,2676),(57,156,1,2991),(58,62,1,4143),(58,119,1,3172),(59,79,1,4143),(59,137,1,3519),(60,54,1,5030),(60,195,1,4385),(61,13,1,3888),(61,73,1,4405),(62,36,1,2260),(62,97,1,5243),(63,85,1,1378),(63,147,1,5727),(64,6,1,4503),(64,143,1,8248),(65,105,1,4180),(65,169,1,7058),(66,14,1,6155),(66,79,1,4143),(67,117,1,5841),(67,183,1,5758),(68,32,1,4763),(68,99,1,4078),(69,37,1,5646),(69,105,1,4180),(70,8,1,1693),(70,77,1,2094),(71,19,1,8094),(71,89,1,6727),(72,39,1,3880),(72,110,1,4468),(73,53,1,5023),(73,181,1,7240),(74,3,1,6671),(74,76,1,1176),(75,81,1,1997),(75,155,1,7664),(76,30,1,1710),(76,105,1,4180),(77,55,1,4703),(77,131,1,7163),(78,23,1,6847),(78,100,1,2676),(79,2,1,3452),(79,80,1,5367),(80,6,1,4503),(80,85,1,1378),(81,99,1,4078),(81,179,1,5885),(82,34,1,4070),(82,115,1,3612),(83,17,1,6519),(83,135,1,4972),(84,71,1,3646),(84,154,1,3462),(85,52,1,4428),(85,136,1,3951),(86,55,1,4703),(86,170,1,8873),(87,51,1,1663),(87,165,1,4340),(88,109,1,1911),(88,196,1,1631),(89,26,1,7578),(89,138,1,8504),(90,2,1,3452),(90,91,1,2085),(91,24,1,6750),(91,114,1,1567),(92,35,1,6257),(92,144,1,3912),(93,60,1,4542),(93,152,1,5187),(94,79,1,4143),(94,172,1,1119),(95,74,1,4236),(95,180,1,2119),(96,65,1,1889),(96,170,1,8873),(97,72,1,948),(97,176,1,8545),(98,38,1,2639),(98,141,1,6366),(99,42,1,5228),(99,144,1,3912),(100,1,1,1564),(100,102,1,5218),(101,35,1,6257),(101,135,1,4972),(102,14,1,6155),(102,115,1,3612),(103,95,1,3012),(103,193,1,7245),(104,73,1,4405),(104,176,1,8545),(105,58,1,5022),(105,162,1,6387),(106,32,1,4763),(106,127,1,2691),(107,43,1,2127),(107,137,1,3519),(108,29,1,1844),(108,136,1,3951),(109,64,1,8425),(109,172,1,1119),(110,42,1,5228),(110,151,1,6155),(111,76,1,1176),(111,186,1,4527),(112,83,1,4945),(112,194,1,9478),(113,110,1,4468),(113,198,1,5983),(114,30,1,1710),(114,143,1,8248),(115,12,1,1271),(115,126,1,4412),(116,28,1,1576),(116,143,1,8248),(117,76,1,1176),(117,192,1,3473),(118,76,1,1176),(118,193,1,7245),(119,117,1,5841),(119,199,1,3271),(120,79,1,4143),(120,160,1,1780),(121,78,1,989),(121,198,1,5983),(122,67,1,6961),(122,188,1,5778),(123,90,1,2343),(123,168,1,2357),(124,81,1,1997),(124,158,1,2436),(125,32,1,4763),(125,108,1,2638),(126,50,1,6108),(126,175,1,5054),(127,62,1,4143),(127,188,1,5778),(128,9,1,2644),(128,82,1,9288),(129,13,1,3888),(129,85,1,1378),(130,12,1,1271),(130,83,1,4945),(131,60,1,4542),(131,190,1,5684),(132,11,1,6943),(132,80,1,5367),(133,4,1,3967),(133,109,1,1911),(133,136,1,3951),(134,54,1,5030),(134,121,1,6980),(135,4,1,3967),(135,70,1,6694),(136,20,1,6116),(136,155,1,7664),(137,91,1,2085),(137,155,1,7664),(138,14,1,6155),(138,151,1,6155),(139,125,1,2436),(139,187,1,4606),(140,16,1,3175),(140,155,1,7664),(141,50,1,6108),(141,110,1,4468),(142,45,1,1511),(142,186,1,4527),(143,40,1,3804),(143,182,1,6251),(144,2,1,3452),(144,59,1,7318),(145,57,1,6414),(145,113,1,1537),(146,30,1,1710),(146,85,1,1378),(147,96,1,1054),(147,150,1,8728),(148,26,1,7578),(148,173,1,1247),(149,18,1,5679),(149,70,1,6694),(150,93,1,4519),(150,144,1,3912),(151,25,1,5050),(151,75,1,7854),(152,132,1,1700),(152,181,1,7240),(153,61,1,2180),(153,109,1,1911),(154,85,1,1378),(154,132,1,1700),(155,45,1,1511),(155,199,1,3271),(156,48,1,3611),(156,93,1,4519),(157,4,1,3967),(157,48,1,3611),(158,34,1,4070),(158,191,1,6132),(159,37,1,5646),(159,195,1,4385),(160,139,1,1878),(160,180,1,2119),(161,60,1,4542),(161,100,1,2676),(162,34,1,4070),(162,73,1,4405),(163,37,1,5646),(163,199,1,3271),(164,3,1,6671),(164,166,1,1862),(165,41,1,2860),(165,77,1,2094),(166,51,1,1663),(166,86,1,2834),(167,80,1,5367),(167,114,1,1567),(168,59,1,7318),(168,92,1,4192),(169,28,1,1576),(169,196,1,1631),(170,28,1,1576),(170,197,1,6423),(171,100,1,2676),(171,130,1,1745),(172,169,1,7058),(172,198,1,5983),(173,166,1,1862),(173,194,1,9478),(174,112,1,6111),(174,139,1,1878),(175,8,1,1693),(175,34,1,4070),(176,2,1,3452),(176,177,1,7574),(177,22,1,4986),(177,198,1,5983),(178,57,1,6414),(178,80,1,5367),(179,38,1,2639),(179,60,1,4542),(180,106,1,1796),(180,127,1,2691),(181,36,1,2260),(181,56,1,8694),(182,76,1,1176),(182,95,1,3012),(183,87,1,4141),(183,105,1,4180),(184,144,1,3912),(184,161,1,5123),(185,153,1,1153),(185,169,1,7058),(186,2,1,3452),(186,17,1,6519),(187,63,1,1310),(187,77,1,2094),(188,7,1,6059),(188,194,1,9478),(189,25,1,5050),(189,37,1,5646),(190,69,1,1873),(190,80,1,5367),(191,130,1,1745),(191,140,1,5579),(192,48,1,3611),(192,57,1,6414),(193,175,1,5054),(193,183,1,5758),(194,67,1,6961),(194,74,1,4236),(195,1,1,1564),(195,195,1,4385),(196,7,1,6059),(196,12,1,1271),(197,158,1,2436),(197,162,1,6387),(198,117,1,5841),(198,120,1,3113),(199,31,1,2467),(199,33,1,4332),(200,89,1,6727),(200,90,1,2343),(201,147,1,5727),(202,198,1,5983),(202,199,1,3271),(203,77,1,2094),(203,79,1,4143),(204,82,1,9288),(204,85,1,1378);


-- task 4 create some instance of review made by some users 
INSERT INTO `Review` VALUES (651352,83,5,'great'),(651352,194,1,'bad'),(786520,2,3,'okay'),(786520,17,2,'could be better'),(802378,19,4,'pretty good'),(802378,89,1,'bad'),(1143522,83,5,'great'),(1143522,119,4,'pretty good'),(2597029,17,5,'great'),(2597029,135,5,'great'),(2824364,13,3,'okay'),(2824364,85,4,'pretty good'),(3561928,53,5,'great'),(3561928,97,4,'pretty good'),(5114067,7,4,'pretty good'),(5114067,194,3,'okay'),(5469181,51,2,'could be better'),(5469181,165,3,'okay'),(6366484,7,4,'pretty good'),(6366484,12,3,'okay'),(6484092,55,2,'could be better'),(6484092,131,4,'pretty good'),(6567448,37,4,'pretty good'),(6567448,195,2,'could be better'),(6625903,76,1,'bad'),(6625903,193,5,'great'),(6811981,33,2,'could be better'),(6811981,58,2,'could be better'),(7141150,100,5,'great'),(7141150,156,5,'great'),(7516286,61,4,'pretty good'),(7516286,109,2,'could be better'),(7808937,163,4,'pretty good'),(7808937,198,5,'great'),(8224387,44,5,'great'),(8224387,89,4,'pretty good'),(8324644,6,1,'bad'),(8324644,85,4,'pretty good'),(9037038,1,2,'could be better'),(9037038,195,3,'okay'),(9124989,1,3,'good'),(9124989,2,3,'okay'),(9124989,3,3,'okay'),(9686808,11,5,'great'),(9686808,80,4,'pretty good'),(10217203,24,2,'could be better'),(10217203,114,2,'could be better'),(10494445,161,2,'could be better'),(10494445,193,3,'okay'),(11379730,50,4,'pretty good'),(11379730,175,1,'bad'),(12052852,3,4,'pretty good'),(12052852,16,5,'great'),(12106948,86,2,'could be better'),(12106948,103,5,'great'),(12206784,76,3,'okay'),(12206784,95,5,'great'),(12987442,48,5,'great'),(12987442,93,2,'could be better'),(13355021,106,3,'okay'),(13355021,128,1,'bad'),(13523001,20,5,'great'),(13523001,155,2,'could be better'),(13873909,72,3,'okay'),(13873909,176,5,'great'),(14363317,180,1,'bad'),(14363317,190,3,'okay'),(14495962,80,3,'okay'),(14495962,114,4,'pretty good'),(14791222,135,2,'could be better'),(14791222,141,1,'bad'),(14869282,50,3,'okay'),(14869282,110,4,'pretty good'),(15251880,39,3,'okay'),(15251880,110,5,'great'),(15733255,76,5,'great'),(15733255,186,2,'could be better'),(16019160,65,5,'great'),(16019160,92,2,'could be better'),(17252157,51,3,'okay'),(17252157,86,4,'pretty good'),(18197166,31,1,'bad'),(18197166,33,4,'pretty good'),(18893275,8,2,'could be better'),(18893275,77,1,'bad'),(19408810,85,5,'great'),(19408810,132,4,'pretty good'),(19526706,48,4,'pretty good'),(19526706,57,1,'bad'),(20429269,36,3,'okay'),(20429269,97,5,'great'),(20614037,81,5,'great'),(20614037,158,1,'bad'),(20681450,93,2,'could be better'),(20681450,144,3,'okay'),(21427123,109,1,'bad'),(21427123,196,1,'bad'),(22047880,32,1,'bad'),(22047880,99,4,'pretty good'),(23437139,45,1,'bad'),(23437139,199,5,'great'),(23882559,25,1,'bad'),(23882559,75,4,'pretty good'),(24319405,53,4,'pretty good'),(24319405,181,1,'bad'),(24496077,106,4,'pretty good'),(24496077,127,1,'bad'),(24754995,67,5,'great'),(24754995,74,5,'great'),(24770752,100,1,'bad'),(24770752,130,3,'okay'),(26073896,8,4,'pretty good'),(26073896,34,5,'great'),(26082780,37,3,'okay'),(26082780,65,4,'pretty good'),(26720239,60,5,'great'),(26720239,152,1,'bad'),(26750937,85,3,'okay'),(26750937,147,1,'bad'),(26832909,22,1,'bad'),(26832909,198,4,'pretty good'),(27267138,54,4,'pretty good'),(27267138,121,5,'great'),(27471052,144,3,'okay'),(27471052,161,1,'bad'),(27661134,112,2,'could be better'),(27661134,139,2,'could be better'),(27870986,110,4,'pretty good'),(27870986,198,1,'bad'),(27877026,42,1,'bad'),(27877026,144,2,'could be better'),(28305748,50,4,'pretty good'),(28305748,68,2,'could be better'),(28829983,47,2,'could be better'),(28829983,70,5,'great'),(29748891,40,2,'could be better'),(29748891,182,5,'great'),(30364603,26,2,'could be better'),(30364603,173,3,'okay'),(30657316,4,2,'could be better'),(30657316,48,2,'could be better'),(31704751,130,4,'pretty good'),(31704751,140,1,'bad'),(31802435,105,1,'bad'),(31802435,169,1,'bad'),(32039232,59,2,'could be better'),(32039232,92,4,'pretty good'),(34280328,104,3,'okay'),(34280328,146,3,'okay'),(34768587,3,1,'bad'),(34768587,76,4,'pretty good'),(34792879,145,2,'could be better'),(34792879,156,3,'okay'),(36052519,89,4,'pretty good'),(36052519,90,3,'okay'),(38635087,63,1,'bad'),(38635087,77,2,'could be better'),(39158508,175,5,'great'),(39158508,183,2,'could be better'),(39403521,41,4,'pretty good'),(39403521,77,1,'bad'),(39793483,28,2,'could be better'),(39793483,196,3,'okay'),(39948150,96,3,'okay'),(39948150,150,2,'could be better'),(39996611,73,3,'okay'),(39996611,176,1,'bad'),(41912751,15,2,'could be better'),(41912751,178,5,'great'),(41958683,30,2,'could be better'),(41958683,105,2,'could be better'),(42372969,7,3,'okay'),(42372969,183,3,'okay'),(42625459,48,3,'okay'),(42625459,195,3,'okay'),(42850604,45,1,'bad'),(42850604,186,5,'great'),(43492650,2,4,'pretty good'),(43492650,91,3,'okay'),(44173205,65,5,'great'),(44173205,170,1,'bad'),(44710521,34,3,'okay'),(44710521,73,2,'could be better'),(45112780,151,2,'could be better'),(45112780,177,4,'pretty good'),(45666495,55,5,'great'),(45666495,170,1,'bad'),(46553867,43,2,'could be better'),(46553867,137,2,'could be better'),(48799965,4,1,'bad'),(48799965,109,2,'could be better'),(48799965,136,1,'bad'),(50259468,34,4,'pretty good'),(50259468,115,1,'bad'),(50502589,40,4,'pretty good'),(50502589,188,1,'bad'),(50814129,52,4,'pretty good'),(50814129,136,2,'could be better'),(51083387,32,4,'pretty good'),(51083387,108,1,'bad'),(51820725,169,4,'pretty good'),(51820725,198,4,'pretty good'),(52297498,18,5,'great'),(52297498,70,2,'could be better'),(52299836,69,2,'could be better'),(52299836,80,2,'could be better'),(52387675,78,1,'bad'),(52387675,198,1,'bad'),(52498419,28,4,'pretty good'),(52498419,143,1,'bad'),(52599711,79,4,'pretty good'),(52599711,172,1,'bad'),(53015035,64,3,'okay'),(53015035,172,4,'pretty good'),(53150147,58,2,'could be better'),(53150147,162,2,'could be better'),(53199262,23,3,'okay'),(53199262,100,1,'bad'),(53209536,82,2,'could be better'),(53209536,85,2,'could be better'),(54552283,12,5,'great'),(54552283,83,2,'could be better'),(54661731,79,3,'okay'),(54661731,137,3,'okay'),(55818230,87,1,'bad'),(55818230,105,3,'okay'),(55830117,74,2,'could be better'),(55830117,180,1,'bad'),(55865401,78,2,'could be better'),(55865401,125,4,'pretty good'),(56611229,74,5,'great'),(56611229,124,1,'bad'),(57020821,32,1,'bad'),(57020821,127,1,'bad'),(57771309,44,5,'great'),(57771309,53,2,'could be better'),(57948209,67,5,'great'),(57948209,188,3,'okay'),(57957455,139,3,'okay'),(57957455,180,3,'okay'),(58025334,90,5,'great'),(58025334,168,1,'bad'),(58686056,164,1,'bad'),(58686056,197,2,'could be better'),(59213888,147,4,'pretty good'),(59830119,35,1,'bad'),(59830119,135,5,'great'),(59845433,117,2,'could be better'),(59845433,199,1,'bad'),(60725675,60,2,'could be better'),(60725675,100,5,'great'),(61600270,153,5,'great'),(61600270,169,3,'okay'),(62280500,37,4,'pretty good'),(62280500,105,5,'great'),(63201434,198,4,'pretty good'),(63201434,199,2,'could be better'),(63990087,125,3,'okay'),(63990087,187,1,'bad'),(64182977,57,5,'great'),(64182977,80,3,'okay'),(64298402,99,4,'pretty good'),(64298402,179,4,'pretty good'),(65260092,1,5,'great'),(65260092,102,3,'okay'),(65791809,57,5,'great'),(65791809,113,3,'okay'),(66656109,158,2,'could be better'),(66656109,162,5,'great'),(67785096,3,2,'could be better'),(67785096,37,4,'pretty good'),(68051121,95,5,'great'),(68051121,103,3,'okay'),(68566771,51,5,'great'),(68566771,71,4,'pretty good'),(69631210,25,4,'pretty good'),(69631210,37,3,'okay'),(69771693,165,5,'great'),(69771693,179,2,'could be better'),(70624591,84,3,'okay'),(70624591,135,3,'okay'),(70974454,7,3,'okay'),(70974454,28,4,'pretty good'),(71353027,134,1,'bad'),(71353027,165,1,'bad'),(72135543,38,1,'bad'),(72135543,141,1,'bad'),(72243781,30,1,'bad'),(72243781,143,3,'okay'),(72648511,109,5,'great'),(72648511,114,3,'okay'),(72874248,2,2,'could be better'),(72874248,80,5,'great'),(72966582,2,2,'could be better'),(72966582,177,1,'bad'),(73095468,95,2,'could be better'),(73095468,193,5,'great'),(74027397,13,1,'bad'),(74027397,73,4,'pretty good'),(74457163,110,4,'pretty good'),(74457163,156,4,'pretty good'),(75954461,12,3,'okay'),(75954461,126,3,'okay'),(75982824,77,1,'bad'),(75982824,79,3,'okay'),(76138794,3,2,'could be better'),(76138794,166,3,'okay'),(76573765,112,1,'bad'),(76573765,131,4,'pretty good'),(76583594,47,5,'great'),(76583594,96,4,'pretty good'),(76789990,22,4,'pretty good'),(76789990,183,2,'could be better'),(77837341,60,3,'okay'),(77837341,190,1,'bad'),(78706116,53,4,'pretty good'),(78706116,94,4,'pretty good'),(78846759,177,2,'could be better'),(78846759,189,3,'okay'),(78977262,64,4,'pretty good'),(78977262,118,5,'great'),(79210900,42,1,'bad'),(79210900,151,2,'could be better'),(79224267,79,5,'great'),(79224267,160,3,'okay'),(79868229,6,5,'great'),(79868229,143,3,'okay'),(80977022,29,2,'could be better'),(80977022,136,1,'bad'),(81696519,29,4,'pretty good'),(81696519,45,1,'bad'),(81725319,50,1,'bad'),(81725319,80,1,'bad'),(81984019,5,4,'pretty good'),(81984019,53,2,'could be better'),(82915835,14,4,'pretty good'),(82915835,115,3,'okay'),(83607894,62,1,'bad'),(83607894,119,5,'great'),(83805463,4,1,'bad'),(83805463,70,3,'okay'),(84416396,9,1,'bad'),(84416396,82,3,'okay'),(84423447,36,2,'could be better'),(84423447,56,5,'great'),(86128017,71,3,'okay'),(86128017,154,1,'bad'),(86222062,117,1,'bad'),(86222062,183,5,'great'),(86273810,62,3,'okay'),(86273810,188,4,'pretty good'),(86910969,81,2,'could be better'),(86910969,155,5,'great'),(88133819,30,1,'bad'),(88133819,85,3,'okay'),(89275148,50,1,'bad'),(89275148,88,1,'bad'),(89460128,28,1,'bad'),(89460128,197,2,'could be better'),(90647437,147,2,'could be better'),(90647437,162,3,'okay'),(90796467,38,2,'could be better'),(90796467,60,1,'bad'),(91249909,1,3,'good'),(91249919,1,4,'good'),(92147056,16,3,'okay'),(92147056,155,1,'bad'),(92362652,14,5,'great'),(92362652,79,1,'bad'),(92385609,31,4,'pretty good'),(92385609,176,4,'pretty good'),(92571847,2,2,'could be better'),(92571847,59,5,'great'),(93206866,25,1,'bad'),(93206866,32,3,'okay'),(94144858,14,5,'great'),(94144858,151,1,'bad'),(94201685,117,5,'great'),(94201685,120,2,'could be better'),(94493135,76,1,'bad'),(94493135,192,1,'bad'),(94498251,26,1,'bad'),(94498251,138,3,'okay'),(96181856,54,5,'great'),(96181856,195,1,'bad'),(96394157,37,1,'bad'),(96394157,199,2,'could be better'),(97082250,25,4,'pretty good'),(97082250,185,3,'okay'),(97125096,34,2,'could be better'),(97125096,191,2,'could be better'),(97508122,35,3,'okay'),(97508122,144,4,'pretty good'),(97693775,29,1,'bad'),(97693775,72,4,'pretty good'),(98486221,91,1,'bad'),(98486221,155,3,'okay'),(99394970,166,4,'pretty good'),(99394970,194,5,'great'),(99852495,139,4,'pretty good'),(99852495,168,3,'okay'),(99971045,132,4,'pretty good'),(99971045,181,5,'great');
